applicant_age,applicant_income,coapplicant_income,loan_amount,loan_term,credit_history,employment_status,education,marital_status,dependents,property_area,self_employed,existing_loans,monthly_expenses,savings,debt_to_income_ratio,loan_status,risk_category
58,29144,0,,48,1,Unemployed,Not Graduate,Married,2,Urban,No,1,10942,0,0.48,Rejected,High Risk
49,75230,22410,40000,36,1,Employed,Graduate,Married,0,Rural,No,0,40035,44297,0.56,Approved,Low Risk
25,17575,0,22000,24,1,Employed,Graduate,Single,1,Rural,No,0,8280,24782,0.47,Approved,High Risk
46,21190,0,16000,24,1,Employed,Not Graduate,Married,1,Rural,No,1,7205,20470,0.42,Approved,Low Risk
50,66986,0,,24,1,Employed,Graduate,Single,1,Urban,No,1,38484,139755,0.65,Approved,Low Risk
29,30256,0,16000,60,1,Employed,Graduate,Single,2,Rural,Yes,0,11072,30461,0.37,Approved,Low Risk
37,34184,24878,24000,120,1,Employed,Not Graduate,Married,0,Semiurban,No,0,11155,51838,0.33,Approved,Low Risk
49,49658,0,108000,180,1,Employed,Graduate,Single,1,Rural,No,2,22202,70171,0.6,Rejected,High Risk
40,43845,0,38000,24,1,Employed,Graduate,Single,3,Rural,Yes,2,14360,19829,0.54,Approved,Medium Risk
44,97932,0,59000,12,1,Employed,Graduate,Married,0,Semiurban,No,0,33841,110130,0.35,Approved,Low Risk
43,78813,55274,249000,12,1,Employed,Graduate,Married,0,Urban,No,0,24755,81684,0.32,Approved,Low Risk
38,101453,53005,130000,180,0,Employed,Graduate,Married,4,Rural,No,1,49439,32447,0.56,Rejected,Medium Risk
41,149253,0,71000,240,1,Employed,Not Graduate,Single,3,Semiurban,No,0,52885,112290,0.36,Approved,Low Risk
46,59819,0,73000,84,1,Employed,Graduate,Single,0,Rural,Yes,1,17495,51447,0.37,Approved,Low Risk
21,54395,53683,38000,48,1,Employed,Graduate,Married,0,Urban,Yes,4,19078,86252,0.65,Approved,Low Risk
35,101061,51061,215000,12,1,Employed,Not Graduate,Married,3,Urban,No,0,68379,93340,0.71,Approved,Low Risk
43,51894,98776,,60,1,Unemployed,Graduate,Married,4,Urban,No,0,23419,56238,0.45,Approved,Low Risk
29,170302,0,,60,1,Unemployed,Not Graduate,Single,3,Urban,No,1,67543,219737,0.47,Approved,Low Risk
21,25988,119024,57000,84,1,Employed,Not Graduate,Married,4,Rural,Yes,0,15067,14390,0.58,Approved,Low Risk
37,68735,61098,122000,48,1,Employed,Graduate,Married,3,Urban,No,0,37218,71982,0.57,Approved,Low Risk
38,51632,0,35000,360,0,Employed,Graduate,Single,,Semiurban,No,1,16440,25285,0.46,Rejected,Medium Risk
38,35130,0,16000,180,1,Employed,Graduate,Married,3,Urban,No,0,19191,56165,0.55,Approved,Low Risk
35,42705,0,67000,36,1,Employed,Graduate,Single,4,Rural,No,1,16834,26017,0.47,Approved,Medium Risk
40,16017,16027,33000,60,0,,Not Graduate,Married,1,Semiurban,No,0,8170,5956,0.54,Rejected,High Risk
58,36902,0,38000,36,1,Employed,Graduate,Married,0,Semiurban,No,0,14166,20045,0.38,Approved,Low Risk
44,47001,0,67000,12,1,Employed,Not Graduate,Single,4,Semiurban,No,0,21698,53343,0.51,Rejected,Medium Risk
38,28567,0,24000,240,1,Employed,Graduate,Single,2,Semiurban,No,0,14194,32419,0.54,Rejected,Low Risk
32,81622,0,48000,24,1,Employed,Graduate,Single,3,Semiurban,No,0,34069,86538,0.42,Approved,Low Risk
36,41461,23929,,120,1,Employed,Graduate,Married,1,Semiurban,No,0,16194,73959,0.39,Approved,Low Risk
40,61906,0,66000,36,,Employed,Graduate,Married,4,Rural,No,1,26693,29032,0.51,Rejected,High Risk
53,25852,39383,33000,60,1,Employed,Graduate,Married,0,Rural,No,0,8622,21836,0.38,Approved,Low Risk
52,47775,52499,93000,48,,Unemployed,Not Graduate,Married,4,Rural,No,0,32167,25352,0.67,Approved,High Risk
26,105641,0,154000,180,1,Employed,Graduate,Single,2,Semiurban,No,0,64970,99390,0.62,Approved,Low Risk
51,54792,0,23000,12,0,Unemployed,Not Graduate,Single,2,Semiurban,No,0,19233,28134,0.35,Rejected,High Risk
45,36587,0,23000,36,1,Unemployed,Graduate,Married,0,Rural,No,1,20764,82964,0.69,Rejected,Medium Risk
36,76370,26409,36000,60,1,Unemployed,Graduate,Married,3,Urban,No,1,29452,57101,0.46,Approved,Low Risk
31,25597,6278,16000,84,,Employed,Graduate,Married,1,Semiurban,No,0,9358,23678,0.37,Approved,Low Risk
53,61743,38419,43000,60,1,Employed,Not Graduate,Married,2,Rural,No,3,23264,67922,0.64,Rejected,Low Risk
38,35851,43532,74000,180,1,Employed,Graduate,Married,1,Rural,Yes,3,20454,75075,0.8,Approved,High Risk
46,28075,0,10000,48,1,Employed,Not Graduate,Married,0,Urban,No,0,8864,51899,0.34,Approved,Low Risk
40,85181,0,49000,48,0,Employed,Not Graduate,Single,0,Urban,No,0,25877,39594,0.33,Approved,Low Risk
56,42266,16918,34000,36,0,Employed,Graduate,Married,,Semiurban,No,1,16156,13520,0.46,Rejected,High Risk
31,31163,0,28000,84,1,Employed,Not Graduate,Single,2,Semiurban,No,1,15286,33317,0.57,Rejected,Medium Risk
28,25233,32737,53000,36,1,Employed,Graduate,Married,3,Semiurban,No,0,10934,46026,0.47,Approved,Low Risk
44,65425,13792,51000,48,,Employed,Graduate,Married,4,Semiurban,Yes,0,41223,10221,0.64,Approved,High Risk
37,18907,0,22000,48,0,Unemployed,Not Graduate,Married,4,Urban,No,1,6608,4866,0.42,Rejected,High Risk
57,36604,6772,34000,48,1,Employed,Not Graduate,Married,0,Urban,Yes,0,6846,70821,0.19,Approved,Low Risk
43,58850,0,43000,60,0,Employed,Graduate,Single,1,Urban,Yes,0,22269,28545,0.38,Approved,Low Risk
26,23612,0,12000,360,1,Unemployed,Graduate,Single,0,Rural,No,0,10350,13997,0.48,Approved,Medium Risk
46,85470,0,49000,36,1,Unemployed,Graduate,Single,1,Semiurban,No,3,40807,158678,0.72,Rejected,Medium Risk
43,31145,19662,55000,24,1,Unemployed,Not Graduate,Married,1,Semiurban,No,0,10163,16180,0.36,Approved,Low Risk
37,58746,0,112000,240,1,Employed,Not Graduate,Single,1,Urban,No,0,16965,91249,0.29,Approved,Low Risk
35,31701,0,44000,24,1,Employed,Graduate,Single,0,Urban,Yes,1,18706,32727,0.68,Rejected,High Risk
29,67522,0,51000,60,1,Employed,Not Graduate,Married,1,Urban,No,1,32391,125084,0.59,Approved,Low Risk
44,45366,45464,93000,240,1,Employed,Graduate,Married,0,Rural,No,2,19180,53401,0.58,Approved,Low Risk
51,65986,0,22000,48,1,Employed,Graduate,Single,1,Semiurban,No,0,26576,45113,0.4,Approved,Low Risk
32,65364,22232,85000,24,1,Employed,Graduate,Married,1,Urban,No,1,37583,102017,0.68,Approved,Low Risk
33,28589,0,27000,48,1,Employed,Not Graduate,Married,4,Semiurban,No,0,13716,33627,0.48,Rejected,Low Risk
37,40374,0,16000,48,1,Employed,Not Graduate,Married,2,Rural,No,0,15524,38356,0.43,Approved,Low Risk
38,118753,10944,84000,36,1,Unemployed,Not Graduate,Married,1,Rural,No,0,54246,109760,0.47,Approved,Low Risk
47,72936,0,89000,84,,Employed,Graduate,Single,0,Urban,No,1,27629,21560,0.45,Approved,Low Risk
38,30298,0,37000,12,0,Employed,Not Graduate,Single,0,Rural,No,0,7809,19564,0.26,Rejected,High Risk
56,112489,0,134000,60,1,Employed,Graduate,Married,0,Rural,No,2,36802,69159,0.48,Approved,Low Risk
35,25511,29216,55000,84,1,Unemployed,Not Graduate,Married,4,Rural,No,2,8674,17327,0.49,Approved,High Risk
42,63904,22980,27000,120,1,Employed,Not Graduate,Married,1,Semiurban,No,0,23588,38669,0.37,Approved,Low Risk
28,42790,0,44000,360,1,Employed,Not Graduate,Single,2,Semiurban,No,2,22932,74833,0.69,Approved,High Risk
36,25522,26768,27000,24,1,Unemployed,Not Graduate,Married,,Rural,No,0,12127,32542,0.48,Approved,Low Risk
41,25293,0,25000,60,1,Employed,Graduate,Married,0,Semiurban,No,1,6166,5735,0.32,Rejected,Low Risk
26,49348,0,28000,120,1,Employed,Graduate,Single,4,Semiurban,No,0,16688,38606,0.34,Approved,Low Risk
34,76850,0,48000,60,,Employed,Graduate,Single,1,Urban,No,1,39544,64155,0.59,Rejected,Low Risk
40,37556,17997,122000,48,1,Unemployed,Not Graduate,Married,0,Rural,No,0,16777,56711,0.46,Approved,High Risk
21,27334,0,33000,60,1,Unemployed,Graduate,Single,3,Rural,No,0,14087,18221,0.55,Rejected,High Risk
32,49389,34899,21000,24,,Employed,Not Graduate,Married,1,Semiurban,Yes,0,15340,31374,0.31,Approved,Low Risk
35,59547,13780,101000,360,1,Unemployed,Graduate,Married,1,Urban,No,4,21816,0,0.69,Rejected,High Risk
39,35748,19724,35000,120,1,Employed,Graduate,Married,1,Semiurban,No,0,18899,47702,0.54,Approved,Low Risk
48,52373,20328,86000,180,1,Unemployed,Graduate,Married,2,Urban,No,2,22234,59024,0.58,Rejected,High Risk
48,87942,0,26000,24,1,Unemployed,Graduate,Married,2,Semiurban,No,0,37636,174683,0.43,Approved,Low Risk
38,45204,0,10000,120,1,Employed,Not Graduate,Married,0,Rural,No,0,18162,68172,0.43,Approved,Low Risk
38,29433,21458,17000,240,1,Unemployed,Graduate,Married,1,Urban,No,0,14756,12371,0.52,Approved,Low Risk
48,39932,0,13000,12,1,Employed,Not Graduate,Single,4,Semiurban,No,4,20910,22956,0.82,Rejected,High Risk
38,32113,0,21000,24,,Employed,Not Graduate,Married,3,Rural,No,1,18867,0,0.7,Rejected,High Risk
22,22113,22407,40000,36,1,Employed,Not Graduate,Married,2,Urban,No,0,7553,28916,0.36,Approved,Low Risk
49,55855,35334,134000,36,1,Unemployed,Graduate,Married,3,Semiurban,No,1,26378,35554,0.56,Approved,Medium Risk
39,175698,0,277000,36,1,Unemployed,Not Graduate,Single,0,Urban,No,1,67353,192419,0.46,Approved,Low Risk
31,51579,0,27000,180,1,Employed,Not Graduate,Married,1,Urban,No,2,12883,42317,0.44,Approved,Low Risk
34,52267,0,57000,60,0,Employed,Graduate,Married,0,Rural,No,1,19098,12676,0.44,Rejected,High Risk
28,40416,0,13000,48,1,Employed,Not Graduate,Single,0,Rural,No,0,15489,34277,0.38,Approved,Low Risk
52,34103,0,17000,12,1,Employed,Not Graduate,Married,4,Rural,No,1,15863,21688,0.54,Rejected,Medium Risk
45,79840,17361,100000,240,1,Employed,Graduate,Married,3,Rural,No,1,35251,112548,0.52,Approved,Low Risk
28,67650,17315,123000,60,0,Unemployed,Graduate,Married,4,Urban,No,0,33689,39792,0.5,Rejected,High Risk
38,52038,0,18000,84,1,Employed,Not Graduate,Married,0,Semiurban,No,0,21273,51228,0.41,Approved,Low Risk
37,54379,0,34000,36,1,Employed,Graduate,Single,3,Urban,No,0,24075,94567,0.44,Approved,Low Risk
31,49835,0,50000,60,1,Unemployed,Graduate,Married,3,Rural,No,3,21279,53396,0.65,Rejected,High Risk
31,52029,0,55000,36,1,Employed,Graduate,Single,1,Urban,Yes,4,18165,48054,0.68,Rejected,High Risk
38,42829,0,10000,36,1,Unemployed,Not Graduate,Married,0,Semiurban,No,4,13210,26408,0.66,Rejected,High Risk
52,55239,0,32000,84,1,Employed,Not Graduate,Married,,Urban,No,1,21876,69751,0.49,Approved,Low Risk
39,57717,0,31000,180,1,Employed,Not Graduate,Married,4,Semiurban,Yes,0,28053,71974,0.49,Approved,Low Risk
55,28274,0,29000,60,1,Employed,Graduate,Single,0,Urban,No,0,9783,45618,0.35,Approved,Low Risk
46,33263,0,48000,180,1,Employed,Graduate,Married,3,Semiurban,No,3,11754,23820,0.58,Rejected,High Risk
43,62961,0,69000,60,1,Employed,Graduate,Married,3,Rural,No,0,28656,74663,0.47,Approved,Low Risk
52,39968,0,69000,84,1,Employed,Graduate,Single,2,Semiurban,Yes,1,22495,33886,0.64,Rejected,High Risk
34,80988,0,88000,60,,Unemployed,Graduate,Married,2,Semiurban,No,0,36849,86257,0.45,Approved,Low Risk
33,51760,0,86000,180,1,Employed,Graduate,Married,0,Rural,No,1,23487,53264,0.54,Rejected,Medium Risk
31,46412,0,32000,48,0,Unemployed,Graduate,Single,4,Semiurban,No,0,17808,9416,0.44,Rejected,High Risk
44,45602,37589,27000,48,1,Employed,Not Graduate,Married,0,Semiurban,No,1,24852,55227,0.63,Approved,Low Risk
21,25950,55511,22000,180,1,Employed,Not Graduate,Married,1,Semiurban,No,0,7553,0,0.3,Rejected,Low Risk
23,31754,0,35000,60,1,Employed,Graduate,Single,0,Urban,No,0,13422,0,0.42,Rejected,High Risk
42,78916,0,41000,36,1,Unemployed,Graduate,Single,3,Semiurban,No,2,32505,47134,0.56,Approved,Low Risk
34,33470,42041,69000,36,,Employed,Graduate,Married,3,Rural,Yes,1,10603,59654,0.39,Approved,Low Risk
51,44077,48161,68000,180,1,Employed,Graduate,Married,2,Rural,No,0,16160,83614,0.37,Approved,Low Risk
38,45462,0,35000,24,0,Employed,Graduate,Married,3,Urban,No,0,16594,10810,0.37,Rejected,Medium Risk
42,70549,0,51000,84,1,Employed,Not Graduate,Single,2,Urban,No,0,24606,58436,0.35,Approved,Low Risk
33,75600,0,91000,240,0,Employed,Graduate,Single,4,Urban,Yes,0,35879,27220,0.47,Rejected,High Risk
45,91400,0,47000,48,1,Employed,Graduate,Married,1,Semiurban,No,0,39561,122926,0.43,Approved,Low Risk
40,27107,27610,20000,60,1,Unemployed,Graduate,Married,,Rural,No,3,11554,13133,0.71,Rejected,High Risk
39,37893,0,23000,240,1,Employed,Graduate,Married,1,Semiurban,No,0,15591,74149,0.42,Approved,Low Risk
39,47503,0,59000,36,,Employed,Graduate,Married,0,Rural,No,0,22044,90892,0.46,Approved,Low Risk
32,75844,0,28000,48,1,Employed,Not Graduate,Married,0,Semiurban,No,0,42116,76420,0.56,Approved,Low Risk
33,23315,0,12000,12,1,Employed,Graduate,Married,1,Semiurban,No,0,10283,48901,0.47,Approved,Low Risk
39,76127,0,40000,24,1,Employed,Graduate,Single,1,Urban,No,0,39134,94375,0.53,Approved,Low Risk
28,45757,0,57000,36,,Unemployed,Graduate,Married,0,Urban,No,1,13112,83317,0.36,Rejected,Low Risk
21,31441,0,11000,36,1,Unemployed,Graduate,Single,0,Urban,No,0,8972,58452,0.29,Approved,Low Risk
39,62705,0,57000,180,1,Employed,Graduate,Single,4,Urban,No,0,19760,92237,0.32,Approved,Low Risk
41,61396,42805,53000,240,0,Employed,Graduate,Married,0,Urban,No,0,15087,38030,0.29,Approved,Low Risk
57,32662,0,28000,120,1,Employed,Graduate,Married,0,Urban,No,2,13799,35432,0.57,Rejected,Medium Risk
36,58329,25942,92000,12,1,Employed,Graduate,Married,3,Urban,No,0,27116,19733,0.46,Approved,Low Risk
36,38374,0,24000,60,1,Employed,Not Graduate,Married,2,Rural,No,1,17707,47448,0.54,Approved,Low Risk
32,86412,0,102000,120,1,Unemployed,Not Graduate,Married,1,Semiurban,No,0,38010,104146,0.44,Approved,Low Risk
58,67807,0,37000,360,1,Employed,Graduate,Single,1,Urban,No,0,26318,44772,0.4,Approved,Low Risk
49,16097,35185,48000,60,1,Unemployed,Graduate,Married,0,Urban,No,1,6357,35792,0.47,Rejected,Low Risk
36,37336,0,23000,60,1,Employed,Not Graduate,Single,2,Rural,No,1,17694,50395,0.59,Rejected,Medium Risk
45,77221,29502,60000,84,1,Employed,Graduate,Married,3,Rural,Yes,1,38437,44289,0.57,Rejected,Low Risk
40,120979,0,59000,48,1,Unemployed,Not Graduate,Single,0,Urban,No,0,39062,0,0.33,Rejected,Medium Risk
36,39706,0,53000,60,1,Unemployed,Graduate,Married,0,Semiurban,No,0,12790,32567,0.34,Rejected,Low Risk
34,99049,0,81000,180,,Employed,Not Graduate,Single,1,Semiurban,No,1,43432,182496,0.56,Approved,Low Risk
43,28578,35868,36000,36,1,Employed,Not Graduate,Married,0,Rural,No,2,9267,33900,0.55,Approved,Low Risk
34,65278,0,25000,240,1,Employed,Graduate,Single,1,Urban,No,0,28074,97825,0.43,Approved,Low Risk
40,35104,19852,16000,60,,Employed,Not Graduate,Married,1,Urban,No,0,16115,45155,0.46,Approved,Low Risk
33,23626,0,11000,120,1,Unemployed,Graduate,Married,0,Urban,No,1,9094,16726,0.46,Approved,Low Risk
51,61410,0,43000,60,1,Employed,Not Graduate,Married,1,Semiurban,No,0,26792,0,0.44,Rejected,High Risk
41,63050,34553,61000,60,1,Unemployed,Not Graduate,Married,3,Urban,No,1,34976,0,0.63,Rejected,High Risk
39,71138,0,33000,48,1,Employed,Graduate,Single,2,Rural,No,2,26335,104207,0.52,Approved,Low Risk
37,65613,136650,77000,180,1,Employed,Graduate,Married,0,Rural,No,1,26866,29189,0.5,Approved,Low Risk
30,57191,47090,206000,84,1,Employed,Not Graduate,Married,3,Rural,Yes,1,24493,38773,0.51,Rejected,High Risk
47,49836,0,18000,36,1,Unemployed,Graduate,Married,3,Semiurban,No,0,22663,60312,0.45,Approved,Low Risk
31,86162,0,129000,60,1,Employed,Graduate,Single,3,Semiurban,No,0,39648,180345,0.46,Approved,Low Risk
37,75686,0,,60,0,Employed,Graduate,Single,0,Urban,No,0,47553,15161,0.65,Rejected,High Risk
54,112257,0,165000,24,1,Employed,Graduate,Married,0,Rural,No,0,33226,0,0.32,Rejected,High Risk
22,42230,13116,94000,60,1,Employed,Not Graduate,Married,1,Rural,No,0,13931,34930,0.33,Rejected,Low Risk
34,32647,0,45000,36,1,Employed,Graduate,Single,3,Semiurban,No,0,13803,50915,0.42,Rejected,Low Risk
29,71547,0,49000,120,1,Employed,Graduate,Single,3,Urban,Yes,0,31717,172933,0.44,Approved,Low Risk
43,65739,21794,30000,60,1,Employed,Graduate,Married,0,Rural,No,0,21507,119252,0.33,Approved,Low Risk
39,84535,0,35000,180,1,Employed,Not Graduate,Married,1,Semiurban,No,0,40588,71667,0.52,Approved,Low Risk
47,31670,0,21000,36,1,Employed,Not Graduate,Single,3,Semiurban,No,0,12640,33177,0.4,Approved,Low Risk
29,59887,20479,133000,48,1,Employed,Graduate,Married,0,Rural,No,1,22231,45138,0.45,Approved,Low Risk
50,22373,32977,26000,84,1,Employed,Not Graduate,Married,4,Urban,No,0,11078,19883,0.5,Approved,Low Risk
29,48480,0,,60,1,Employed,Not Graduate,Married,3,Semiurban,No,0,15351,72426,0.32,Approved,Low Risk
45,39326,0,17000,60,,Unemployed,Not Graduate,Single,1,Rural,No,0,16148,0,0.44,Rejected,High Risk
28,16174,0,13000,12,0,Unemployed,Graduate,Married,3,Urban,No,1,8167,8561,0.58,Rejected,High Risk
33,42683,0,13000,180,1,Employed,Graduate,Single,4,Semiurban,No,0,20968,62381,0.49,Approved,Low Risk
32,64565,0,24000,120,0,Employed,Not Graduate,Single,4,Urban,No,0,25206,39914,0.39,Approved,Low Risk
42,34838,0,25000,36,1,Employed,Not Graduate,Single,4,Urban,No,0,10790,28915,0.32,Approved,Low Risk
43,42569,23636,43000,36,,Unemployed,Graduate,Married,4,Urban,No,1,15797,131648,0.45,Approved,Low Risk
36,42892,0,33000,84,0,Unemployed,Graduate,Married,2,Rural,No,1,12446,0,0.37,Rejected,High Risk
43,68347,0,43000,60,1,Unemployed,Graduate,Single,2,Urban,No,1,21240,62230,0.43,Approved,Low Risk
53,62100,0,27000,84,1,Employed,Graduate,Single,3,Semiurban,No,2,26506,105841,0.62,Approved,Low Risk
27,63242,32032,45000,24,1,Employed,Graduate,Married,0,Rural,Yes,0,18556,55731,0.29,Approved,Low Risk
42,47714,0,39000,36,1,Unemployed,Graduate,Single,2,Urban,No,0,19234,45205,0.4,Approved,Low Risk
35,70366,0,25000,24,1,Unemployed,Graduate,Married,2,Rural,No,0,32161,65016,0.48,Approved,Low Risk
51,30392,0,22000,36,1,Employed,Not Graduate,Single,1,Rural,No,1,10454,40857,0.42,Approved,Low Risk
32,54089,0,42000,36,1,Employed,Graduate,Single,0,Rural,No,0,27687,40703,0.51,Rejected,Low Risk
33,44911,46388,115000,36,1,Employed,Graduate,Married,0,Urban,No,1,16802,40504,0.47,Approved,Low Risk
33,49382,0,35000,60,0,Unemployed,Graduate,Single,3,Semiurban,No,0,21635,11465,0.44,Rejected,High Risk
40,23691,0,24000,120,0,Unemployed,Graduate,Single,4,Urban,No,0,10591,8147,0.45,Rejected,High Risk
36,43062,0,64000,12,1,Employed,Not Graduate,Single,1,Rural,No,1,15294,37030,0.49,Rejected,Medium Risk
40,57371,0,115000,120,0,Employed,Not Graduate,Single,3,Rural,No,4,28862,28561,0.81,Rejected,High Risk
35,85317,0,142000,180,1,Employed,Graduate,Single,0,Urban,Yes,2,37391,51556,0.62,Rejected,High Risk
38,40297,33107,71000,36,1,Unemployed,Not Graduate,Married,0,Urban,No,0,12113,40861,0.32,Approved,Low Risk
39,68493,0,66000,180,1,Unemployed,Not Graduate,Married,3,Rural,No,0,25360,89839,0.37,Approved,Low Risk
32,49412,78850,33000,180,1,Employed,Graduate,Married,0,Rural,Yes,1,22567,55614,0.53,Approved,Low Risk
22,55077,23094,90000,240,0,Employed,Not Graduate,Married,2,Semiurban,No,0,20517,8388,0.4,Rejected,High Risk
42,123381,0,73000,60,1,Employed,Not Graduate,Single,3,Rural,No,2,50814,142566,0.59,Approved,Low Risk
55,43465,27244,49000,48,1,Employed,Not Graduate,Married,1,Urban,Yes,3,13078,16769,0.53,Approved,Medium Risk
48,47004,53942,79000,48,,Unemployed,Not Graduate,Married,0,Semiurban,No,0,18812,0,0.4,Rejected,High Risk
40,74494,0,64000,12,0,Employed,Graduate,Single,2,Urban,No,3,29029,20009,0.65,Rejected,High Risk
43,78017,24950,119000,60,1,Employed,Graduate,Married,4,Rural,No,1,27943,34718,0.48,Approved,Low Risk
38,57364,35977,113000,12,1,Employed,Not Graduate,Married,1,Semiurban,No,0,21507,73393,0.37,Approved,Low Risk
26,54112,0,30000,60,1,Employed,Not Graduate,Single,4,Semiurban,No,0,26424,11605,0.5,Approved,Low Risk
33,88995,36733,128000,60,1,Employed,Not Graduate,Married,1,Urban,No,0,39688,43384,0.45,Approved,Low Risk
40,59926,20424,111000,36,0,Employed,Not Graduate,Married,4,Rural,Yes,0,28854,16997,0.5,Rejected,High Risk
59,71974,39263,61000,180,,Employed,Graduate,Married,2,Urban,No,0,33313,95914,0.47,Approved,Low Risk
43,76793,0,35000,240,1,Employed,Not Graduate,Married,1,Semiurban,No,1,36204,94706,0.55,Approved,Low Risk
27,28827,0,10000,60,,Employed,Graduate,Married,1,Rural,No,1,9621,61072,0.48,Approved,Low Risk
21,50857,24424,71000,24,1,Employed,Graduate,Married,1,Rural,No,0,14939,76376,0.29,Approved,Low Risk
47,30186,0,17000,84,1,Unemployed,Graduate,Single,3,Urban,No,1,12467,33477,0.51,Rejected,Medium Risk
43,45860,32454,39000,60,0,Employed,Graduate,Married,0,Urban,No,0,18224,25695,0.45,Approved,Low Risk
38,31363,0,36000,48,1,Unemployed,Graduate,Single,0,Urban,No,3,14991,27363,0.72,Rejected,High Risk
24,54532,26018,65000,36,1,Employed,Not Graduate,Married,4,Semiurban,No,0,22252,39776,0.44,Approved,Low Risk
40,61837,0,56000,36,1,Employed,Not Graduate,Married,2,Urban,No,1,25585,109714,0.49,Approved,Low Risk
42,30543,11597,35000,240,1,Employed,Not Graduate,Married,4,Urban,No,1,12914,46334,0.5,Approved,Low Risk
29,51570,16887,57000,180,1,Employed,Graduate,Married,1,Semiurban,No,0,19388,61956,0.38,Approved,Low Risk
54,38695,24071,29000,60,1,Employed,Graduate,Married,0,Urban,No,1,17917,0,0.57,Rejected,High Risk
34,33527,55912,93000,60,1,Employed,Not Graduate,Married,0,Urban,Yes,0,10955,0,0.36,Approved,High Risk
31,97550,0,,60,1,Employed,Not Graduate,Single,1,Rural,No,0,23159,78308,0.24,Approved,Low Risk
32,17150,0,17000,60,1,Employed,Not Graduate,Single,3,Urban,No,3,8451,18662,0.76,Rejected,High Risk
36,79248,0,107000,120,1,Unemployed,Graduate,Married,3,Urban,No,0,32779,60931,0.41,Approved,Low Risk
38,87058,0,28000,84,1,Employed,Not Graduate,Single,0,Rural,No,0,41085,117269,0.47,Approved,Low Risk
46,64065,0,113000,48,1,Employed,Graduate,Married,0,Urban,No,4,20043,80959,0.61,Rejected,High Risk
33,58124,0,114000,180,1,Employed,Graduate,Single,4,Urban,No,0,31676,37140,0.54,Rejected,Medium Risk
47,40281,0,11000,48,1,Employed,Graduate,Single,0,Semiurban,No,0,14807,46061,0.37,Approved,Low Risk
36,46691,0,17000,60,1,Employed,Graduate,Married,1,Urban,No,4,21054,0,0.76,Rejected,High Risk
36,80561,0,57000,36,1,Employed,Not Graduate,Married,,Semiurban,No,0,35477,68337,0.44,Approved,Low Risk
34,74526,41979,105000,240,0,Employed,Graduate,Married,0,Urban,No,1,33996,25865,0.54,Rejected,High Risk
42,50956,0,,12,1,Employed,Graduate,Single,1,Urban,Yes,1,21408,43225,0.51,Approved,Low Risk
46,44285,0,34000,48,1,Employed,Graduate,Single,3,Urban,No,0,20706,26473,0.47,Approved,Low Risk
38,31957,15610,56000,84,1,Employed,Graduate,Married,1,Rural,No,0,13658,38757,0.45,Approved,Low Risk
30,117052,0,97000,180,1,Employed,Graduate,Single,4,Urban,Yes,0,62667,0,0.56,Rejected,High Risk
45,29388,0,20000,36,1,Employed,Graduate,Single,0,Urban,No,0,14992,59896,0.51,Approved,Low Risk
28,29087,21473,41000,360,1,Employed,Not Graduate,Married,1,Semiurban,Yes,0,9126,17432,0.33,Approved,Low Risk
43,58992,0,74000,60,1,Employed,Graduate,Married,4,Semiurban,No,2,25401,76276,0.61,Approved,Medium Risk
32,33819,0,40000,60,1,Employed,Not Graduate,Married,0,Urban,No,0,15490,50487,0.47,Rejected,Low Risk
40,22076,27561,11000,120,1,,Graduate,Married,2,Urban,No,2,12440,21107,0.71,Rejected,Medium Risk
36,21541,23412,39000,48,1,Employed,Graduate,Married,3,Rural,No,3,8047,29470,0.6,Rejected,Medium Risk
31,60188,0,39000,12,0,Employed,Not Graduate,Single,1,Semiurban,No,2,31957,27977,0.7,Approved,High Risk
36,30590,0,28000,60,1,Employed,Graduate,Single,1,Rural,No,0,9180,18288,0.34,Approved,Low Risk
39,70380,15798,118000,48,1,Employed,Not Graduate,Married,0,Urban,No,0,24790,105430,0.35,Approved,Low Risk
45,42964,33408,54000,36,1,Employed,Graduate,Married,0,Semiurban,Yes,0,14556,60662,0.38,Approved,Low Risk
43,39497,0,52000,360,1,Unemployed,Graduate,Married,1,Semiurban,No,0,13968,24009,0.37,Rejected,Low Risk
45,15537,0,10000,60,1,Employed,Graduate,Married,3,Urban,Yes,0,7762,10862,0.5,Approved,Low Risk
27,142760,0,150000,120,1,Employed,Not Graduate,Single,3,Semiurban,No,0,77199,248914,0.6,Rejected,Low Risk
44,51359,0,55000,36,1,Employed,Graduate,Married,3,Urban,Yes,0,23104,52382,0.45,Approved,Low Risk
59,136823,36919,193000,60,1,Employed,Graduate,Married,0,Urban,No,0,55569,229551,0.49,Approved,Low Risk
40,27586,21212,21000,60,1,Employed,Graduate,Married,1,Urban,No,2,7102,85,0.41,Rejected,Low Risk
33,32299,24660,55000,60,1,Employed,Graduate,Married,0,Urban,No,0,12405,22917,0.4,Approved,Low Risk
40,72319,0,98000,48,1,Employed,Not Graduate,Single,2,Urban,No,1,32166,42904,0.52,Approved,Low Risk
48,125300,47034,91000,36,1,,Graduate,Married,4,Semiurban,No,1,74019,123426,0.67,Approved,Low Risk
33,66332,22805,28000,36,1,Employed,Graduate,Married,3,Semiurban,No,2,33067,110223,0.65,Rejected,Low Risk
24,57908,0,25000,48,,Employed,Graduate,Single,2,Urban,No,0,16803,44094,0.29,Approved,Low Risk
38,65554,0,76000,60,1,Employed,Graduate,Single,1,Semiurban,No,1,35230,40775,0.61,Approved,Medium Risk
44,72497,90659,,84,1,Employed,Graduate,Married,2,Semiurban,No,1,25531,97300,0.45,Approved,Low Risk
39,39368,0,13000,36,0,Unemployed,Graduate,Married,2,Semiurban,No,0,12643,0,0.37,Rejected,High Risk
41,57221,0,42000,36,1,Employed,Graduate,Married,4,Urban,No,3,20019,44646,0.61,Approved,Low Risk
37,129938,29057,60000,84,1,Employed,Not Graduate,Married,4,Semiurban,Yes,0,61501,147735,0.48,Approved,Low Risk
49,61309,0,,48,1,Employed,Graduate,Single,1,Urban,Yes,0,28686,38151,0.47,Approved,Low Risk
46,47372,0,34000,24,0,Employed,Not Graduate,Single,1,Semiurban,No,0,11913,26667,0.27,Approved,Medium Risk
46,26993,11501,31000,84,1,Employed,Graduate,Married,4,Urban,No,1,11167,16546,0.54,Approved,Low Risk
40,40946,0,28000,48,,Employed,Not Graduate,Single,1,Urban,No,0,22382,27083,0.55,Approved,Low Risk
41,118556,0,33000,24,1,Unemployed,Graduate,Single,2,Semiurban,No,0,51553,81392,0.44,Approved,Low Risk
40,32941,31195,85000,180,1,Employed,Not Graduate,Married,2,Urban,Yes,0,11531,0,0.35,Rejected,High Risk
25,63626,0,94000,24,1,Employed,Graduate,Single,2,Rural,No,0,25851,61381,0.41,Approved,Low Risk
48,27321,0,31000,24,1,Employed,Graduate,Single,3,Rural,No,0,12731,20212,0.49,Rejected,Medium Risk
41,78097,0,43000,36,1,Employed,Graduate,Married,0,Urban,Yes,0,28651,59969,0.37,Approved,Low Risk
37,44268,20461,21000,36,,Employed,Graduate,Married,2,Rural,No,1,18293,53869,0.49,Approved,Low Risk
35,37740,0,45000,84,1,Employed,Graduate,Married,0,Urban,No,0,14783,93717,0.39,Approved,Low Risk
24,54194,0,73000,48,0,Unemployed,Graduate,Single,,Semiurban,No,2,30659,26018,0.75,Rejected,High Risk
32,24934,41496,30000,36,1,Employed,Graduate,Married,1,Semiurban,No,0,6864,12213,0.28,Approved,Low Risk
43,56038,0,32000,12,1,Employed,Graduate,Married,3,Urban,No,0,19474,123850,0.35,Approved,Low Risk
54,77323,0,76000,12,1,Unemployed,Not Graduate,Single,0,Rural,No,0,19548,91393,0.26,Approved,Low Risk
62,51124,47454,65000,240,1,Employed,Graduate,Married,0,Urban,No,3,31235,50237,0.85,Rejected,Medium Risk
38,31102,37943,11000,24,1,Employed,Graduate,Married,1,Rural,No,0,14285,19004,0.5,Approved,Low Risk
32,34636,0,10000,36,1,Employed,Graduate,Married,4,Urban,Yes,2,19613,19812,0.72,Approved,Medium Risk
41,62424,0,24000,24,1,Employed,Graduate,Married,2,Semiurban,No,0,32674,166523,0.53,Approved,Low Risk
37,37529,0,16000,180,1,Employed,Graduate,Single,3,Urban,Yes,0,16505,0,0.49,Approved,High Risk
40,24724,0,10000,60,1,Unemployed,Graduate,Married,0,Urban,No,1,11001,55669,0.52,Approved,Medium Risk
29,54628,0,41000,60,0,Employed,Not Graduate,Single,,Rural,Yes,0,29051,18121,0.53,Rejected,High Risk
29,110281,0,31000,60,1,Employed,Not Graduate,Married,2,Semiurban,No,1,42470,0,0.46,Approved,Medium Risk
53,36760,0,46000,36,0,Employed,Not Graduate,Single,2,Urban,No,0,11818,19921,0.33,Rejected,High Risk
42,42498,0,12000,120,1,Employed,Not Graduate,Single,0,Semiurban,No,0,13771,22122,0.33,Approved,Low Risk
34,56996,41529,62000,24,1,Employed,Graduate,Married,2,Urban,No,0,26398,37286,0.49,Approved,Low Risk
37,73098,60870,41000,240,1,Unemployed,Graduate,Married,0,Semiurban,No,0,33981,84104,0.46,Approved,Low Risk
41,26390,0,10000,24,1,Employed,Not Graduate,Married,0,Urban,No,1,9243,0,0.43,Rejected,High Risk
44,87689,0,80000,36,0,Unemployed,Not Graduate,Single,1,Rural,No,0,37371,46559,0.44,Rejected,High Risk
33,19098,40454,67000,12,1,Unemployed,Not Graduate,Married,0,Urban,No,3,8120,28509,0.65,Rejected,High Risk
21,34318,16211,33000,48,1,Employed,Not Graduate,Married,0,Rural,No,0,13517,44164,0.39,Approved,Low Risk
35,42564,32941,45000,24,1,Employed,Not Graduate,Married,4,Semiurban,Yes,0,17515,43766,0.43,Approved,Low Risk
51,63893,0,53000,84,1,Employed,Not Graduate,Married,2,Rural,Yes,0,16718,50856,0.27,Approved,Low Risk
49,73791,31863,56000,240,1,Employed,Graduate,Married,0,Semiurban,No,3,32788,63867,0.7,Approved,Low Risk
51,28779,0,23000,36,1,Employed,Graduate,Single,3,Rural,No,1,12593,35758,0.56,Approved,Medium Risk
28,40465,0,56000,36,0,Employed,Graduate,Single,1,Urban,No,0,17736,8246,0.44,Rejected,High Risk
42,59942,0,72000,60,1,Employed,Graduate,Single,2,Rural,Yes,0,22098,89337,0.37,Approved,Low Risk
41,56048,0,46000,48,1,Employed,Not Graduate,Single,0,Semiurban,No,1,26272,63840,0.56,Rejected,Low Risk
38,36890,0,,48,0,Employed,Graduate,Married,0,Semiurban,No,2,12741,0,0.56,Rejected,High Risk
41,27653,20795,34000,120,1,Employed,Graduate,Married,0,Urban,No,1,13200,22884,0.55,Approved,Low Risk
39,51174,48924,76000,360,1,Employed,Graduate,Married,2,Urban,Yes,0,22287,50783,0.48,Approved,Low Risk
29,42570,0,25000,12,1,Employed,Graduate,Single,2,Rural,No,1,19428,41051,0.57,Approved,Low Risk
42,52872,20846,61000,60,1,Employed,Not Graduate,Married,2,Semiurban,No,2,20241,29356,0.53,Rejected,Low Risk
33,36311,17346,18000,84,0,Employed,Graduate,Married,3,Urban,No,1,12149,11688,0.41,Approved,Low Risk
35,52654,0,20000,180,0,Employed,Graduate,Single,4,Semiurban,No,0,25392,28648,0.48,Approved,Medium Risk
32,34193,56681,36000,24,1,Employed,Graduate,Married,4,Semiurban,No,4,15333,0,0.76,Rejected,High Risk
31,53100,0,76000,240,0,Unemployed,Graduate,Single,2,Urban,No,0,24717,11817,0.5,Rejected,High Risk
36,59060,0,30000,120,,Employed,Not Graduate,Married,1,Semiurban,No,2,30771,86055,0.67,Approved,Low Risk
21,52078,0,17000,60,1,Employed,Not Graduate,Married,4,Semiurban,No,0,31723,31210,0.67,Approved,Low Risk
40,27578,32699,82000,48,1,Employed,Graduate,Married,4,Semiurban,No,2,17658,45529,0.82,Rejected,High Risk
55,192500,0,139000,36,1,Employed,Graduate,Single,0,Semiurban,No,2,45369,129596,0.39,Approved,Low Risk
27,47358,21004,21000,84,1,Employed,Not Graduate,Married,0,Semiurban,No,0,16574,92397,0.35,Approved,Low Risk
37,28376,34894,,48,1,Employed,Graduate,Married,0,Rural,Yes,0,8898,40013,0.33,Approved,Low Risk
33,35409,0,28000,60,1,Employed,Graduate,Single,1,Semiurban,No,1,12083,52772,0.44,Approved,Low Risk
39,38746,22003,58000,240,1,Employed,Not Graduate,Married,2,Rural,No,0,18537,60974,0.48,Approved,Low Risk
38,48532,0,75000,48,1,Unemployed,Graduate,Married,0,Urban,No,1,21187,62692,0.58,Rejected,High Risk
31,28303,0,22000,180,1,Employed,Graduate,Single,2,Rural,No,0,10392,69651,0.37,Approved,Low Risk
65,64419,31427,88000,60,,Unemployed,Graduate,Married,3,Rural,No,1,27236,84359,0.51,Approved,Medium Risk
49,76661,14732,23000,12,1,Employed,Not Graduate,Married,1,Urban,No,2,33617,58093,0.61,Approved,Low Risk
37,123933,0,50000,84,1,Employed,Graduate,Married,4,Semiurban,No,0,58417,278242,0.52,Approved,Low Risk
34,57614,0,34000,60,1,Unemployed,Graduate,Single,2,Rural,No,1,18361,77746,0.42,Approved,Low Risk
23,42749,28879,65000,24,1,Employed,Graduate,Married,0,Rural,Yes,2,10230,22484,0.44,Approved,Low Risk
31,60674,0,99000,12,,Employed,Graduate,Single,0,Urban,No,0,18178,42830,0.3,Approved,Low Risk
37,33564,0,68000,84,0,Employed,Graduate,Single,3,Rural,No,0,17349,10174,0.54,Rejected,High Risk
41,27836,0,20000,48,1,Employed,Graduate,Married,3,Urban,No,0,12465,26790,0.45,Approved,Low Risk
38,57017,29224,32000,240,1,Unemployed,Graduate,Married,0,Semiurban,No,0,17602,47356,0.34,Approved,Low Risk
44,83667,0,99000,60,1,Employed,Graduate,Single,1,Urban,Yes,0,29651,171514,0.35,Approved,Low Risk
36,20795,12518,16000,24,1,Employed,Graduate,Married,,Urban,Yes,1,6145,0,0.41,Rejected,High Risk
49,38975,19634,64000,24,1,Employed,Not Graduate,Married,2,Rural,No,2,11137,55851,0.44,Approved,Low Risk
44,43869,0,60000,120,1,Employed,Not Graduate,Married,1,Rural,No,0,21151,0,0.48,Rejected,High Risk
42,49466,15332,69000,36,1,Employed,Graduate,Married,1,Semiurban,No,0,17770,31224,0.36,Approved,Low Risk
25,73909,0,24000,120,1,Employed,Not Graduate,Married,1,Urban,No,0,31278,49266,0.42,Approved,Low Risk
25,56320,0,10000,24,,Employed,Graduate,Single,0,Semiurban,No,0,22687,47793,0.42,Approved,Low Risk
42,21246,47619,32000,36,1,Employed,Graduate,Married,3,Urban,Yes,1,8973,18552,0.52,Approved,Low Risk
46,40603,0,33000,180,1,Employed,Graduate,Married,,Urban,Yes,2,15311,76228,0.55,Rejected,Low Risk
29,62651,0,46000,48,1,Employed,Not Graduate,Single,1,Urban,No,2,19177,75673,0.48,Approved,Low Risk
28,45006,0,10000,48,0,Employed,Not Graduate,Single,0,Semiurban,No,0,16496,23165,0.37,Approved,Medium Risk
39,41655,0,69000,60,0,Unemployed,Graduate,Single,2,Rural,No,3,17678,11450,0.67,Rejected,High Risk
34,40278,19522,19000,120,0,Employed,Graduate,Married,1,Semiurban,Yes,0,19056,10608,0.47,Approved,Low Risk
40,31192,29204,71000,48,1,Employed,Graduate,Married,1,Rural,No,1,12992,44138,0.49,Approved,Low Risk
39,38281,0,56000,12,1,Employed,Graduate,Single,0,Rural,No,0,18863,59265,0.49,Rejected,Low Risk
40,64064,0,20000,120,1,Employed,Graduate,Single,0,Rural,No,0,25537,42489,0.4,Approved,Low Risk
44,47981,47560,146000,240,0,Employed,Not Graduate,Married,2,Rural,No,0,24707,0,0.51,Rejected,High Risk
36,28918,0,35000,36,1,,Not Graduate,Single,,Urban,No,0,17141,24597,0.66,Rejected,High Risk
51,82365,0,36000,60,1,Employed,Not Graduate,Married,3,Rural,No,1,33549,157145,0.48,Approved,Low Risk
46,47330,0,21000,60,1,Employed,Graduate,Single,3,Urban,No,0,14988,38264,0.32,Approved,Low Risk
43,26840,0,20000,48,0,Employed,Not Graduate,Married,3,Rural,No,4,7195,4354,0.57,Rejected,High Risk
52,88710,0,57000,36,1,Employed,Graduate,Single,0,Rural,No,2,34452,73563,0.54,Approved,Low Risk
31,61538,0,33000,360,1,Employed,Not Graduate,Single,1,Urban,No,0,12901,53831,0.21,Approved,Low Risk
28,61640,0,18000,48,1,Unemployed,Not Graduate,Married,0,Rural,No,2,21770,119582,0.53,Approved,Low Risk
33,74137,0,,240,0,Employed,Graduate,Single,4,Semiurban,No,1,40191,47864,0.62,Rejected,Medium Risk
48,82446,11898,74000,12,1,Employed,Graduate,Married,0,Rural,No,0,21458,77596,0.26,Approved,Low Risk
34,43671,18648,60000,36,0,Unemployed,Graduate,Married,0,Urban,No,2,14502,25764,0.48,Rejected,High Risk
39,29288,26927,10000,60,1,Employed,Graduate,Married,0,Urban,No,0,14237,60284,0.51,Approved,Low Risk
48,44294,0,48000,12,1,Employed,Not Graduate,Married,0,Semiurban,No,2,16087,54918,0.52,Rejected,Medium Risk
46,41245,50389,57000,36,1,Employed,Not Graduate,Married,3,Rural,No,2,18298,35071,0.59,Approved,Low Risk
37,31748,18580,40000,24,0,Unemployed,Graduate,Married,0,Rural,No,0,14416,14562,0.45,Rejected,High Risk
39,19728,0,,36,,Employed,Graduate,Single,1,Rural,No,1,6556,10208,0.41,Rejected,Low Risk
21,41575,12720,62000,120,1,Employed,Not Graduate,Married,2,Urban,No,1,22614,69508,0.62,Approved,Medium Risk
39,24997,19390,56000,24,1,Employed,Not Graduate,Married,0,Urban,No,1,10033,11058,0.48,Approved,Medium Risk
44,33734,23333,27000,24,1,Unemployed,Graduate,Married,3,Semiurban,No,0,13507,22806,0.42,Approved,Low Risk
40,52041,0,17000,48,0,Employed,Graduate,Single,3,Semiurban,No,1,25558,8385,0.6,Approved,High Risk
34,66662,35500,98000,120,1,Employed,Not Graduate,Married,0,Urban,No,0,16561,53195,0.27,Approved,Low Risk
39,21542,0,,180,1,Employed,Not Graduate,Single,1,Rural,No,0,6752,24468,0.36,Approved,Medium Risk
37,69509,59367,85000,84,1,Employed,Graduate,Married,0,Rural,No,0,26690,91641,0.45,Approved,Low Risk
41,82035,0,33000,24,1,Unemployed,Not Graduate,Single,2,Urban,No,1,24895,123532,0.38,Approved,Low Risk
56,67337,35417,,48,1,Employed,Not Graduate,Married,1,Semiurban,Yes,1,25304,87248,0.45,Approved,Low Risk
29,26260,32311,22000,240,1,Employed,Not Graduate,Married,3,Urban,No,2,12938,43378,0.64,Approved,Low Risk
43,30459,0,24000,36,1,Unemployed,Not Graduate,Married,2,Semiurban,No,0,12804,46857,0.42,Approved,Low Risk
38,15667,24662,23000,120,1,Employed,Graduate,Married,0,Urban,No,1,5234,25863,0.41,Approved,Low Risk
47,26856,53565,73000,60,1,Employed,Not Graduate,Married,2,Rural,No,0,9158,56506,0.34,Approved,Low Risk
27,53035,0,,24,1,Unemployed,Not Graduate,Married,1,Semiurban,No,0,19663,112525,0.38,Rejected,Low Risk
40,65131,0,50000,240,1,Employed,Graduate,Single,1,Rural,No,1,22203,129114,0.42,Approved,Low Risk
48,52385,15428,62000,60,1,Employed,Not Graduate,Married,,Rural,No,0,30156,27249,0.58,Approved,Medium Risk
30,89059,26297,79000,24,1,Unemployed,Not Graduate,Married,,Urban,No,0,51187,87799,0.61,Approved,Low Risk
41,46735,0,52000,180,1,Employed,Not Graduate,Single,1,Semiurban,Yes,0,15386,96519,0.33,Approved,Low Risk
44,79530,55582,51000,240,0,Employed,Graduate,Married,4,Urban,No,0,31588,51667,0.43,Approved,Low Risk
43,95634,0,88000,36,1,Unemployed,Graduate,Married,0,Semiurban,No,0,35180,105263,0.37,Approved,Low Risk
53,47126,0,26000,36,1,Employed,Graduate,Single,0,Semiurban,No,0,20785,17886,0.45,Approved,Low Risk
24,35647,0,27000,84,1,Employed,Graduate,Single,0,Rural,Yes,3,14695,41835,0.64,Rejected,High Risk
33,61706,32072,53000,48,0,Unemployed,Graduate,Married,0,Urban,No,0,29672,27985,0.5,Approved,Medium Risk
39,29050,0,53000,180,1,Employed,Not Graduate,Married,0,Semiurban,No,0,8111,43144,0.32,Approved,Medium Risk
32,64131,30426,80000,36,1,Employed,Graduate,Married,3,Urban,No,1,38031,90323,0.7,Approved,Low Risk
30,34904,36886,140000,60,1,Unemployed,Not Graduate,Married,4,Semiurban,No,3,12789,74209,0.59,Rejected,High Risk
25,46374,0,22000,36,1,Unemployed,Not Graduate,Single,4,Semiurban,No,0,14664,56652,0.34,Approved,Low Risk
45,22492,30209,46000,36,1,Unemployed,Graduate,Married,3,Urban,No,0,7786,31265,0.35,Approved,Low Risk
34,45357,0,32000,36,1,Unemployed,Graduate,Single,0,Rural,No,1,21532,66393,0.55,Approved,Medium Risk
36,88423,0,,36,1,Unemployed,Graduate,Single,0,Urban,No,1,37912,144061,0.5,Approved,Low Risk
55,50498,35710,60000,60,1,Unemployed,Not Graduate,Married,0,Rural,No,0,15126,89335,0.3,Approved,Low Risk
30,104573,0,19000,60,1,Employed,Graduate,Single,4,Rural,No,2,51310,88274,0.65,Rejected,Low Risk
28,23971,0,10000,240,1,Unemployed,Graduate,Married,2,Semiurban,No,1,8684,14842,0.44,Approved,Low Risk
35,19314,0,17000,24,1,Employed,Graduate,Married,2,Semiurban,Yes,0,5774,30806,0.34,Approved,Low Risk
53,48792,0,76000,120,1,,Graduate,Single,2,Urban,No,0,25964,77978,0.56,Rejected,Medium Risk
44,44992,0,21000,120,1,Employed,Not Graduate,Married,0,Semiurban,No,0,16819,67242,0.37,Approved,Low Risk
35,42325,28454,57000,36,1,Employed,Graduate,Married,3,Semiurban,Yes,2,13216,51687,0.47,Approved,Low Risk
37,45129,0,16000,60,1,Employed,Not Graduate,Married,0,Semiurban,No,0,16487,47139,0.37,Approved,Low Risk
48,91625,0,96000,84,1,Employed,Graduate,Single,2,Semiurban,No,0,53544,50426,0.58,Approved,Low Risk
37,36499,0,24000,60,1,Employed,Graduate,Single,,Semiurban,No,1,22030,38859,0.68,Approved,Low Risk
30,25397,66067,25000,360,1,Unemployed,Graduate,Married,1,Semiurban,No,2,9884,55589,0.54,Approved,Low Risk
35,84818,28032,106000,360,1,Employed,Not Graduate,Married,1,Urban,No,2,25496,130223,0.46,Approved,Low Risk
44,27195,18575,,12,0,Employed,Not Graduate,Married,2,Rural,Yes,1,15067,10858,0.63,Rejected,High Risk
34,40983,0,21000,84,1,Employed,Graduate,Married,1,Urban,No,0,15289,46404,0.39,Approved,Low Risk
47,73297,0,56000,48,1,Employed,Graduate,Single,1,Urban,No,1,26536,56518,0.45,Rejected,Low Risk
39,74877,0,86000,12,,Employed,Not Graduate,Single,4,Semiurban,No,0,35739,111814,0.48,Approved,Low Risk
39,81672,0,137000,84,1,Employed,Graduate,Single,4,Semiurban,Yes,1,33203,164045,0.48,Approved,Low Risk
32,65149,0,69000,60,1,Employed,Graduate,Single,2,Semiurban,No,0,23195,34785,0.36,Rejected,Low Risk
35,101764,0,34000,48,0,Employed,Graduate,Single,1,Semiurban,No,1,39666,42336,0.48,Approved,Low Risk
42,32558,0,43000,48,1,Employed,Graduate,Single,2,Semiurban,No,1,19761,31700,0.68,Rejected,High Risk
33,36184,0,14000,24,1,Employed,Not Graduate,Married,2,Semiurban,No,1,15963,42837,0.52,Approved,Low Risk
43,42123,29983,46000,60,1,,Not Graduate,Married,4,Urban,No,0,22296,30263,0.54,Approved,Low Risk
33,56187,0,36000,36,1,Employed,Not Graduate,Single,2,Rural,No,0,24999,106820,0.44,Approved,Low Risk
51,56952,0,79000,240,1,Employed,Graduate,Married,1,Rural,No,3,34713,114700,0.91,Rejected,High Risk
34,46689,0,35000,12,1,Employed,Graduate,Single,0,Urban,No,0,13208,92385,0.3,Approved,Low Risk
21,37292,0,43000,240,1,Employed,Graduate,Single,3,Semiurban,No,0,14777,14693,0.4,Approved,Low Risk
41,70955,0,104000,36,1,Employed,Graduate,Single,2,Semiurban,No,0,30302,77251,0.43,Approved,Low Risk
21,78714,0,58000,180,1,Unemployed,Graduate,Single,0,Urban,No,0,27253,80748,0.4,Approved,Low Risk
40,24141,17843,38000,48,1,Employed,Not Graduate,Married,0,Rural,No,2,12029,21101,0.65,Rejected,High Risk
28,56826,38390,112000,84,1,Employed,Graduate,Married,1,Urban,No,4,19702,29363,0.67,Approved,Medium Risk
38,72163,21564,46000,60,1,Employed,Not Graduate,Married,4,Semiurban,Yes,2,38633,67356,0.69,Approved,Low Risk
29,59845,22923,31000,240,,Employed,Graduate,Married,0,Urban,Yes,0,23998,22436,0.4,Approved,Low Risk
38,40014,27475,85000,180,1,Employed,Graduate,Married,0,Semiurban,No,2,13373,59743,0.48,Approved,Low Risk
34,123718,0,159000,240,1,Unemployed,Not Graduate,Single,3,Urban,No,0,39340,125425,0.32,Approved,Low Risk
55,44905,0,34000,12,0,Employed,Not Graduate,Single,2,Urban,No,0,18546,19969,0.48,Rejected,High Risk
23,53622,25890,177000,180,1,Unemployed,Graduate,Married,,Rural,No,0,24505,51895,0.46,Rejected,Medium Risk
36,38227,17868,23000,24,1,Employed,Not Graduate,Married,1,Urban,No,0,12543,12936,0.33,Approved,Low Risk
32,67615,0,127000,180,1,Unemployed,Graduate,Married,2,Semiurban,No,2,35495,80224,0.67,Rejected,High Risk
37,24266,0,38000,48,1,Employed,Graduate,Married,4,Semiurban,No,1,10741,24597,0.52,Rejected,High Risk
24,27426,17953,43000,60,1,Unemployed,Not Graduate,Married,2,Semiurban,No,3,16691,28084,0.85,Rejected,High Risk
45,28551,0,10000,36,0,Unemployed,Not Graduate,Married,2,Urban,No,1,8417,15514,0.38,Rejected,High Risk
41,57715,0,102000,84,1,Unemployed,Not Graduate,Single,3,Semiurban,No,0,28381,61756,0.53,Rejected,High Risk
41,61719,0,40000,120,1,Employed,Not Graduate,Married,0,Rural,No,0,33333,120246,0.54,Approved,Low Risk
38,78491,0,100000,180,1,Employed,Graduate,Single,1,Urban,No,0,42561,90796,0.58,Approved,Low Risk
30,58572,0,22000,240,1,Unemployed,Not Graduate,Single,1,Urban,No,0,24460,34407,0.42,Approved,Low Risk
29,43959,73460,36000,120,1,Employed,Not Graduate,Married,2,Urban,No,2,18770,73221,0.58,Approved,Low Risk
36,33444,0,28000,180,1,Employed,Graduate,Married,0,Rural,No,2,13303,24203,0.58,Approved,Medium Risk
25,29657,0,11000,60,1,Unemployed,Graduate,Single,4,Urban,No,0,11793,41429,0.4,Rejected,Low Risk
40,25959,35179,,240,1,Unemployed,Graduate,Married,2,Rural,No,0,12242,28253,0.47,Approved,Low Risk
38,48957,22382,41000,240,1,Employed,Graduate,Married,1,Urban,No,1,23735,65192,0.62,Approved,Low Risk
31,120211,0,106000,60,1,Employed,Not Graduate,Married,3,Semiurban,Yes,1,76673,117651,0.78,Rejected,Low Risk
46,24868,49252,49000,36,1,Employed,Graduate,Married,,Semiurban,No,0,11286,31506,0.45,Approved,Low Risk
38,29956,0,12000,60,0,Employed,Not Graduate,Single,1,Rural,No,3,14069,10068,0.69,Rejected,High Risk
35,51828,0,,36,1,Employed,Not Graduate,Married,0,Semiurban,Yes,0,30461,37217,0.6,Approved,Low Risk
41,28697,0,10000,60,1,,Not Graduate,Single,0,Urban,No,0,15345,46834,0.53,Approved,Low Risk
36,25444,0,10000,48,0,Employed,Graduate,Single,3,Rural,Yes,1,10159,4376,0.47,Rejected,High Risk
34,95231,17778,104000,180,,Unemployed,Not Graduate,Married,2,Rural,No,0,40427,167157,0.44,Approved,Low Risk
39,50326,57061,50000,60,1,Employed,Not Graduate,Married,3,Urban,Yes,0,21155,76598,0.42,Approved,Low Risk
23,52439,0,24000,240,1,Employed,Graduate,Married,3,Rural,Yes,1,18618,50721,0.43,Approved,Low Risk
41,42425,83794,196000,120,1,Employed,Graduate,Married,1,Urban,No,1,17541,31082,0.49,Approved,Low Risk
27,98169,0,147000,36,1,Unemployed,Not Graduate,Married,2,Urban,No,0,34203,93277,0.36,Approved,Low Risk
35,122687,23023,58000,36,1,Employed,Not Graduate,Married,1,Urban,No,0,51016,178156,0.5,Approved,Low Risk
28,44861,0,16000,60,1,Employed,Graduate,Married,2,Urban,No,1,20710,61847,0.54,Approved,Low Risk
28,48714,83089,61000,36,0,Employed,Not Graduate,Married,4,Urban,No,2,23743,27882,0.66,Rejected,High Risk
27,15000,0,10000,36,1,Employed,Not Graduate,Single,1,Urban,Yes,0,7366,4772,0.54,Rejected,High Risk
41,53836,0,67000,120,1,Employed,Graduate,Married,0,Urban,No,2,19016,25257,0.5,Rejected,Low Risk
21,127591,0,206000,240,0,Employed,Graduate,Single,4,Urban,No,0,75128,26562,0.59,Rejected,High Risk
33,29514,24013,16000,180,1,Employed,Graduate,Married,2,Rural,No,0,10266,31608,0.35,Approved,Low Risk
35,49697,0,16000,180,1,Unemployed,Not Graduate,Single,0,Urban,No,0,28763,42521,0.62,Approved,Low Risk
30,59774,0,58000,36,1,Employed,Graduate,Single,1,Semiurban,Yes,0,26152,50832,0.45,Approved,Low Risk
45,28263,0,36000,360,1,Employed,Not Graduate,Single,4,Semiurban,Yes,0,14041,26620,0.52,Rejected,High Risk
49,35644,0,29000,60,1,Employed,Not Graduate,Single,2,Rural,No,1,19452,48046,0.67,Rejected,High Risk
39,38124,0,17000,360,1,Employed,Not Graduate,Single,2,Semiurban,No,2,12989,32763,0.51,Approved,Low Risk
46,48684,0,17000,36,1,Employed,Not Graduate,Single,2,Rural,No,0,25397,7116,0.52,Approved,Low Risk
46,57033,0,111000,24,1,Employed,Graduate,Married,4,Urban,Yes,1,24200,78720,0.5,Rejected,Low Risk
37,38515,0,53000,180,1,Unemployed,Graduate,Single,0,Semiurban,No,0,17010,13461,0.46,Approved,Medium Risk
28,53861,0,26000,360,0,Employed,Graduate,Married,1,Urban,No,0,22645,10777,0.42,Approved,Low Risk
42,32981,0,15000,48,1,Employed,Not Graduate,Married,4,Semiurban,No,0,13421,26378,0.41,Approved,Low Risk
44,25516,0,10000,48,1,Unemployed,Graduate,Married,1,Urban,No,2,8602,27216,0.49,Approved,Low Risk
29,27040,0,34000,48,1,Employed,Not Graduate,Single,2,Rural,Yes,0,11968,36668,0.44,Approved,High Risk
51,40598,0,18000,24,1,Employed,Not Graduate,Single,0,Urban,No,0,12634,65716,0.32,Approved,Low Risk
41,44665,17490,43000,24,0,Employed,Graduate,Married,1,Semiurban,No,0,19263,25646,0.43,Rejected,Medium Risk
50,32835,0,18000,180,1,Employed,Graduate,Married,3,Rural,No,0,15618,37722,0.48,Approved,Low Risk
39,45662,17433,89000,84,1,Employed,Not Graduate,Married,0,Urban,No,0,15360,70370,0.37,Approved,Low Risk
40,49102,0,10000,84,1,Employed,Graduate,Single,1,Semiurban,Yes,1,15769,13669,0.41,Approved,Low Risk
33,42105,0,15000,120,1,Unemployed,Not Graduate,Single,0,Semiurban,No,0,9529,45416,0.23,Approved,Low Risk
46,29809,0,12000,48,1,Employed,Graduate,Single,0,Urban,No,0,12502,57462,0.43,Rejected,Low Risk
40,67417,25165,123000,24,0,Unemployed,Not Graduate,Married,2,Urban,No,1,34818,35295,0.59,Rejected,High Risk
41,22716,0,17000,48,1,Employed,Graduate,Single,2,Urban,No,0,9860,20555,0.45,Approved,Low Risk
44,36638,0,40000,24,,Employed,Not Graduate,Single,4,Rural,No,3,17999,72278,0.76,Rejected,High Risk
27,35336,0,59000,60,1,Employed,Graduate,Married,1,Semiurban,No,2,11465,39522,0.5,Rejected,High Risk
45,47166,0,26000,120,1,Employed,Graduate,Single,2,Rural,No,1,18385,37357,0.46,Approved,Low Risk
49,45911,0,13000,12,1,Employed,Graduate,Single,1,Rural,Yes,0,19279,0,0.43,Rejected,High Risk
44,37556,0,63000,12,0,Employed,Not Graduate,Single,2,Semiurban,No,0,19581,21263,0.52,Rejected,High Risk
43,76558,0,,60,1,Unemployed,Not Graduate,Married,4,Rural,No,1,36996,140717,0.57,Rejected,Medium Risk
36,91704,0,116000,36,1,Unemployed,Not Graduate,Single,2,Urban,No,0,32327,160001,0.35,Approved,Low Risk
37,36636,58606,109000,120,1,Employed,Not Graduate,Married,4,Rural,No,1,14313,47749,0.51,Approved,Low Risk
33,24105,41723,65000,48,1,Employed,Graduate,Married,3,Urban,No,2,11021,32703,0.61,Approved,Medium Risk
51,45414,0,46000,84,1,Employed,Not Graduate,Single,4,Rural,No,0,19380,46279,0.43,Approved,Low Risk
45,32850,0,34000,60,1,Employed,Not Graduate,Single,1,Urban,No,0,16380,53675,0.5,Approved,Low Risk
34,19727,0,10000,36,1,Unemployed,Graduate,Single,0,Rural,No,2,8360,15304,0.59,Rejected,High Risk
32,80584,0,38000,120,1,Unemployed,Not Graduate,Married,,Semiurban,No,1,35109,66651,0.52,Approved,Low Risk
36,78398,0,39000,180,1,Employed,Not Graduate,Married,3,Rural,No,0,43607,49009,0.56,Approved,Low Risk
30,53476,0,37000,120,1,Unemployed,Graduate,Single,0,Urban,No,2,17958,44563,0.49,Approved,Low Risk
42,35955,0,11000,60,1,Employed,Graduate,Single,0,Semiurban,No,0,10635,82010,0.36,Approved,Low Risk
48,38379,29350,57000,180,1,Employed,Graduate,Married,0,Semiurban,No,0,20246,60062,0.53,Approved,Low Risk
34,96407,0,177000,60,1,Employed,Graduate,Married,0,Semiurban,No,0,33238,119284,0.34,Approved,Low Risk
41,80968,0,15000,120,1,Unemployed,Not Graduate,Married,0,Urban,No,0,20645,67647,0.31,Approved,Low Risk
43,54932,0,,120,1,Unemployed,Not Graduate,Single,4,Urban,No,2,20960,72550,0.58,Rejected,Medium Risk
43,89261,21123,49000,84,1,Employed,Graduate,Married,0,Urban,No,1,48191,171185,0.66,Approved,Low Risk
38,33497,46030,21000,60,1,Employed,Graduate,Married,4,Semiurban,No,0,12823,48565,0.38,Approved,Low Risk
43,57778,0,58000,240,1,Employed,Graduate,Single,3,Urban,No,1,18566,23623,0.4,Approved,Low Risk
36,45881,0,47000,36,0,Unemployed,Not Graduate,Single,0,Semiurban,No,1,19114,27960,0.5,Rejected,High Risk
50,84676,25187,78000,180,1,Employed,Graduate,Married,2,Rural,No,1,35454,45178,0.51,Approved,Low Risk
34,73937,0,106000,360,1,Employed,Not Graduate,Married,0,Urban,No,1,29108,123154,0.48,Approved,Low Risk
44,45048,0,52000,120,1,Employed,Not Graduate,Married,4,Semiurban,Yes,0,23457,63876,0.52,Rejected,Medium Risk
45,76441,11626,96000,48,1,Employed,Graduate,Married,0,Urban,No,1,26067,105889,0.42,Approved,Low Risk
34,31497,23985,18000,240,1,Unemployed,Graduate,Married,1,Urban,No,0,10237,34774,0.37,Approved,Low Risk
51,32472,21167,63000,36,1,Employed,Graduate,Married,3,Urban,No,0,14052,50444,0.48,Approved,Low Risk
45,39001,0,37000,180,1,Employed,Not Graduate,Single,0,Semiurban,No,0,14397,57552,0.41,Approved,Low Risk
29,83777,22494,27000,240,1,Employed,Graduate,Married,0,Rural,No,0,27065,61860,0.32,Approved,Low Risk
52,70514,0,85000,180,0,Employed,Graduate,Single,1,Urban,No,1,20522,17716,0.41,Rejected,High Risk
46,42756,23160,44000,36,1,Employed,Graduate,Married,2,Rural,No,2,20035,0,0.62,Rejected,High Risk
39,52747,15734,34000,360,1,Employed,Not Graduate,Married,0,Urban,No,2,19588,39691,0.52,Approved,Low Risk
32,45786,23303,88000,36,0,Employed,Not Graduate,Married,3,Urban,No,0,22307,24289,0.52,Rejected,High Risk
33,115020,0,48000,24,1,Employed,Graduate,Married,4,Urban,No,1,67404,115628,0.66,Approved,Low Risk
38,48873,20872,52000,60,1,Employed,Graduate,Married,0,Semiurban,No,0,18279,62795,0.37,Approved,Low Risk
28,26920,0,17000,240,1,Employed,Graduate,Married,3,Urban,No,0,12922,20949,0.48,Approved,Low Risk
47,61089,0,50000,240,0,Employed,Graduate,Single,1,Urban,No,3,29017,10562,0.77,Rejected,High Risk
48,72559,44693,93000,60,1,Employed,Not Graduate,Married,1,Semiurban,No,0,30618,110793,0.47,Approved,Low Risk
46,36614,0,33000,60,1,Employed,Not Graduate,Single,0,Urban,No,0,18486,52151,0.54,Approved,Medium Risk
44,28902,0,,120,1,Employed,Graduate,Single,1,Semiurban,No,2,10199,36641,0.5,Rejected,Medium Risk
54,48669,60427,71000,180,1,Employed,Not Graduate,Married,3,Rural,Yes,0,25107,46959,0.59,Approved,Low Risk
50,47957,16513,50000,240,1,Employed,Not Graduate,Married,,Rural,Yes,0,13319,67502,0.28,Approved,Low Risk
47,22972,0,12000,84,0,Employed,Not Graduate,Single,4,Urban,No,0,7589,10416,0.33,Approved,High Risk
37,34394,0,47000,12,0,Employed,Not Graduate,Married,4,Semiurban,No,2,14968,9342,0.66,Rejected,High Risk
53,39207,0,63000,48,1,Employed,Not Graduate,Single,1,Urban,No,0,17630,66232,0.45,Approved,Medium Risk
37,43266,0,33000,36,0,Employed,Not Graduate,Single,4,Rural,Yes,1,28055,8678,0.72,Rejected,High Risk
49,39831,22997,84000,12,,Employed,Graduate,Married,1,Urban,No,1,20455,46051,0.59,Approved,Medium Risk
41,49558,56339,92000,24,1,Employed,Graduate,Married,2,Urban,No,1,20420,19613,0.51,Rejected,Low Risk
65,44730,24438,67000,84,1,Employed,Graduate,Married,1,Urban,No,0,14973,58936,0.33,Approved,Low Risk
36,27328,18505,47000,60,1,Unemployed,Not Graduate,Married,1,Semiurban,No,2,11521,20125,0.64,Rejected,High Risk
51,24564,0,25000,180,1,Employed,Graduate,Single,2,Urban,No,0,12146,12516,0.49,Approved,Medium Risk
41,107423,0,43000,60,1,Employed,Graduate,Married,2,Urban,Yes,2,58657,108822,0.7,Approved,Low Risk
45,38174,0,14000,48,1,Unemployed,Not Graduate,Single,2,Rural,No,1,19377,57144,0.59,Rejected,Medium Risk
42,60014,28160,113000,84,1,Employed,Graduate,Married,3,Urban,No,1,20687,21454,0.42,Approved,Low Risk
43,75173,0,49000,360,1,Employed,Not Graduate,Single,4,Urban,No,0,34702,87353,0.46,Approved,Low Risk
24,51169,0,55000,60,1,Employed,Not Graduate,Married,0,Semiurban,No,0,20385,88199,0.44,Approved,Low Risk
31,54634,0,90000,60,1,Employed,Not Graduate,Married,2,Urban,No,0,17840,104574,0.33,Approved,Low Risk
42,29112,0,22000,180,,Employed,Graduate,Married,2,Urban,No,1,11791,35168,0.53,Approved,Low Risk
36,35898,35794,95000,180,1,Employed,Graduate,Married,2,Urban,Yes,0,12098,23063,0.37,Approved,Low Risk
35,20227,0,10000,120,1,Employed,Not Graduate,Single,3,Rural,Yes,1,13079,18030,0.74,Rejected,High Risk
54,22272,0,18000,180,0,Unemployed,Graduate,Single,4,Rural,No,0,11121,10759,0.5,Rejected,High Risk
46,36312,0,58000,60,1,Employed,Graduate,Single,4,Rural,No,0,14218,59977,0.41,Approved,Medium Risk
55,75793,0,49000,24,0,Employed,Graduate,Married,3,Urban,No,0,42655,45933,0.6,Rejected,High Risk
25,65867,0,32000,12,1,Employed,Graduate,Single,2,Urban,Yes,1,27448,0,0.49,Rejected,High Risk
34,102910,35682,76000,36,1,Employed,Graduate,Married,1,Semiurban,No,1,41255,73463,0.48,Approved,Low Risk
43,35054,0,46000,60,1,Unemployed,Graduate,Single,3,Semiurban,No,0,11388,34978,0.33,Approved,Low Risk
27,22879,0,34000,36,1,Unemployed,Not Graduate,Single,4,Urban,No,1,12818,42203,0.64,Rejected,High Risk
37,50655,0,30000,24,,Employed,Not Graduate,Married,3,Urban,No,0,23321,16361,0.46,Rejected,Medium Risk
28,61281,23021,77000,36,1,Employed,Not Graduate,Married,0,Urban,No,3,26708,29245,0.7,Rejected,High Risk
40,29905,0,17000,84,1,Employed,Graduate,Single,0,Rural,Yes,2,8380,33305,0.44,Approved,Low Risk
36,61602,0,99000,240,1,Employed,Graduate,Married,2,Urban,No,1,23067,68962,0.45,Approved,Low Risk
31,47236,0,52000,120,1,Unemployed,Not Graduate,Married,3,Urban,No,0,15677,54954,0.35,Approved,Low Risk
40,39032,30983,33000,12,1,Employed,Graduate,Married,1,Urban,Yes,0,20090,48425,0.53,Approved,Low Risk
26,45694,25002,26000,24,1,Unemployed,Graduate,Married,1,Urban,No,1,23237,57582,0.59,Approved,Low Risk
32,19126,17644,12000,36,1,Unemployed,Not Graduate,Married,3,Rural,No,0,9473,38386,0.52,Approved,Low Risk
48,71363,20749,65000,360,0,Employed,Graduate,Married,1,Rural,No,1,36465,36324,0.62,Approved,High Risk
45,20314,26113,27000,360,0,Employed,Graduate,Married,0,Rural,No,0,7099,3972,0.39,Rejected,Medium Risk
21,45337,0,45000,240,,Employed,Not Graduate,Single,1,Semiurban,No,1,17268,35559,0.46,Rejected,Medium Risk
45,82210,0,,48,1,Employed,Not Graduate,Married,2,Semiurban,Yes,0,26792,159313,0.34,Approved,Low Risk
49,100898,0,46000,60,1,Employed,Graduate,Married,2,Semiurban,Yes,1,46769,45840,0.6,Approved,Low Risk
33,60084,44193,92000,120,1,Unemployed,Graduate,Married,3,Semiurban,No,0,27515,42861,0.46,Approved,Low Risk
22,78072,0,11000,180,1,Employed,Not Graduate,Single,0,Urban,No,0,34737,0,0.44,Approved,Medium Risk
47,68027,0,95000,120,1,,Not Graduate,Single,,Rural,Yes,0,22088,68202,0.34,Approved,Low Risk
29,50651,0,26000,120,0,Employed,Not Graduate,Single,4,Semiurban,No,0,24900,9870,0.49,Rejected,High Risk
40,39738,18394,50000,36,1,Employed,Graduate,Married,2,Urban,No,1,10706,39818,0.34,Approved,Low Risk
30,53918,0,47000,240,1,Employed,Graduate,Married,1,Rural,Yes,0,13910,79920,0.26,Approved,Low Risk
30,68094,31321,65000,360,1,Employed,Graduate,Married,0,Urban,Yes,2,16931,75008,0.4,Approved,Low Risk
44,53240,26919,142000,84,1,Employed,Not Graduate,Married,0,Semiurban,Yes,1,19938,0,0.47,Rejected,High Risk
41,33976,0,29000,36,1,Employed,Graduate,Married,2,Urban,No,0,10400,46589,0.31,Approved,Low Risk
42,60477,35125,74000,60,1,Employed,Not Graduate,Married,2,Urban,Yes,1,24115,54647,0.49,Approved,Low Risk
37,51876,0,18000,48,0,Employed,Not Graduate,Single,0,Rural,Yes,0,19263,18302,0.39,Approved,Medium Risk
45,33085,0,23000,48,1,Employed,Graduate,Married,1,Rural,No,1,16786,26413,0.58,Approved,Low Risk
50,45578,21715,33000,180,1,Unemployed,Graduate,Married,3,Urban,No,2,16071,19067,0.5,Approved,Low Risk
31,107638,0,123000,48,1,Employed,Graduate,Married,1,Urban,No,1,39893,199227,0.45,Approved,Low Risk
48,61692,0,10000,36,1,Employed,Not Graduate,Single,3,Semiurban,No,0,28533,0,0.5,Rejected,High Risk
42,50109,0,101000,84,0,Employed,Not Graduate,Single,2,Urban,No,0,23715,8887,0.47,Rejected,High Risk
39,59640,0,100000,84,1,Employed,Not Graduate,Single,0,Rural,Yes,0,28968,92824,0.49,Rejected,Low Risk
32,80703,0,13000,120,1,Unemployed,Graduate,Single,3,Semiurban,No,1,21852,74123,0.37,Approved,Low Risk
34,124311,24454,145000,36,1,Employed,Graduate,Married,0,Urban,No,2,66978,69510,0.69,Approved,Low Risk
34,92779,57205,82000,36,1,Employed,Not Graduate,Married,4,Urban,Yes,1,36970,64221,0.47,Approved,Low Risk
42,46885,0,51000,48,1,Unemployed,Not Graduate,Married,1,Semiurban,No,0,21923,19564,0.47,Approved,Medium Risk
26,53619,77172,104000,360,0,Employed,Not Graduate,Married,4,Rural,No,1,21271,16072,0.47,Rejected,High Risk
30,43548,0,50000,48,1,Employed,Not Graduate,Single,1,Semiurban,No,0,15880,39853,0.36,Approved,Low Risk
33,30632,0,19000,84,1,Employed,Not Graduate,Married,1,Urban,No,0,12498,39301,0.44,Approved,Low Risk
32,68862,0,114000,36,1,Employed,Graduate,Married,2,Urban,No,0,23413,0,0.34,Approved,High Risk
28,95363,126727,254000,240,1,Employed,Not Graduate,Married,1,Urban,No,0,45968,196606,0.5,Approved,Low Risk
47,59747,0,30000,60,1,Employed,Graduate,Single,0,Urban,No,4,30978,119683,0.88,Approved,High Risk
41,33944,0,,60,1,Employed,Not Graduate,Single,4,Semiurban,No,3,15466,64583,0.73,Rejected,High Risk
62,92737,0,44000,12,0,Employed,Not Graduate,Single,2,Urban,No,0,34040,0,0.37,Rejected,High Risk
37,46547,0,23000,360,0,Employed,Not Graduate,Married,0,Semiurban,No,4,17858,25416,0.68,Rejected,High Risk
22,33222,0,31000,48,0,Employed,Graduate,Married,0,Rural,No,0,9110,5611,0.27,Rejected,High Risk
33,37623,0,50000,36,1,Employed,Not Graduate,Single,2,Urban,No,2,13439,21333,0.57,Rejected,High Risk
30,94970,34759,79000,240,,Unemployed,Not Graduate,Married,1,Semiurban,No,0,33926,72618,0.36,Approved,Low Risk
36,51383,0,66000,24,1,Employed,Not Graduate,Single,0,Rural,No,0,19211,21009,0.38,Approved,Low Risk
35,75349,31025,52000,48,1,Employed,Graduate,Married,2,Rural,No,0,34295,70256,0.46,Approved,Low Risk
39,58055,0,11000,240,1,Employed,Graduate,Single,0,Rural,No,0,21732,43760,0.37,Approved,Low Risk
47,48764,0,64000,60,1,Employed,Graduate,Single,1,Semiurban,No,0,16046,92389,0.33,Approved,Low Risk
39,48567,48277,67000,60,0,Unemployed,Not Graduate,Married,2,Rural,No,0,21321,27514,0.44,Rejected,High Risk
36,45502,45680,97000,24,0,Employed,Not Graduate,Married,,Urban,Yes,2,18506,0,0.56,Rejected,High Risk
61,62681,20880,92000,24,1,Employed,Graduate,Married,1,Rural,No,3,32370,67971,0.74,Rejected,High Risk
25,77109,0,78000,180,1,Employed,Not Graduate,Married,2,Urban,No,0,26271,66069,0.34,Approved,Low Risk
48,62535,35215,117000,36,1,Unemployed,Not Graduate,Married,0,Urban,No,1,32702,161012,0.6,Approved,Low Risk
40,32542,0,38000,12,0,Employed,Not Graduate,Single,0,Semiurban,No,1,8220,6344,0.33,Rejected,High Risk
44,28809,0,34000,12,,Employed,Not Graduate,Single,3,Rural,Yes,1,13331,65282,0.54,Approved,High Risk
23,33571,20292,22000,60,1,Employed,Not Graduate,Married,1,Semiurban,No,0,13251,0,0.43,Rejected,High Risk
36,17000,0,,180,1,Employed,Not Graduate,Single,2,Rural,No,0,6944,22307,0.41,Rejected,High Risk
33,34129,0,55000,60,1,Employed,Graduate,Single,4,Urban,No,0,20110,39246,0.61,Rejected,High Risk
42,22849,0,17000,60,1,Employed,Graduate,Single,0,Semiurban,No,3,8107,46042,0.58,Rejected,High Risk
37,56043,85195,102000,48,1,Employed,Graduate,Married,3,Urban,Yes,0,33791,35060,0.6,Approved,Low Risk
42,46612,0,61000,240,1,Unemployed,Graduate,Married,1,Semiurban,No,0,15266,101161,0.34,Approved,Low Risk
48,21112,0,13000,60,0,Employed,Graduate,Married,0,Rural,No,1,9746,13341,0.54,Rejected,High Risk
47,56681,0,99000,12,1,Employed,Graduate,Married,3,Urban,No,2,26483,65117,0.62,Rejected,High Risk
41,49960,0,58000,60,0,Employed,Not Graduate,Single,1,Urban,No,0,22129,26453,0.47,Rejected,High Risk
31,33742,31129,22000,84,1,Unemployed,Not Graduate,Married,3,Urban,No,0,10533,54579,0.37,Rejected,Low Risk
37,72206,26350,52000,36,1,Unemployed,Not Graduate,Married,3,Urban,No,0,32687,49412,0.45,Approved,Low Risk
54,54151,0,16000,120,,Employed,Not Graduate,Single,3,Semiurban,Yes,0,28523,34711,0.53,Approved,Low Risk
34,49372,0,28000,180,1,Employed,Not Graduate,Married,1,Semiurban,No,1,14950,60094,0.4,Approved,Low Risk
42,68161,19239,115000,60,1,Employed,Graduate,Married,0,Semiurban,No,0,30636,50540,0.5,Approved,Low Risk
31,18782,0,10000,48,1,Employed,Graduate,Single,0,Semiurban,Yes,2,7473,0,0.58,Rejected,High Risk
63,27244,41274,62000,24,1,Employed,Not Graduate,Married,0,Rural,No,0,7949,64304,0.29,Approved,Low Risk
35,48223,0,66000,60,1,Employed,Not Graduate,Single,1,Rural,No,0,16646,19206,0.35,Approved,Low Risk
30,54837,33259,49000,120,1,Employed,Not Graduate,Married,1,Semiurban,No,1,18020,70225,0.4,Approved,Low Risk
32,18325,80820,101000,48,1,,Graduate,Married,1,Urban,No,2,8600,10444,0.62,Approved,High Risk
43,21916,0,10000,12,1,Employed,Graduate,Married,0,Urban,No,0,5908,20241,0.27,Approved,Low Risk
43,36139,0,12000,48,,Employed,Not Graduate,Single,3,Semiurban,No,1,17153,49390,0.57,Approved,Low Risk
50,54711,0,31000,180,1,Employed,Graduate,Single,2,Urban,Yes,1,27480,83810,0.58,Approved,Low Risk
29,33882,0,20000,24,1,Unemployed,Not Graduate,Married,0,Semiurban,No,0,9972,36320,0.33,Approved,Low Risk
52,47754,38231,105000,360,1,Employed,Not Graduate,Married,2,Semiurban,Yes,0,15143,62312,0.32,Approved,Low Risk
37,54674,17865,24000,60,1,Employed,Not Graduate,Married,3,Urban,No,0,17422,62297,0.32,Approved,Low Risk
49,28361,0,,24,1,Employed,Graduate,Single,3,Rural,No,2,15654,11281,0.7,Rejected,High Risk
21,43043,10281,80000,240,1,Employed,Graduate,Married,3,Urban,No,0,15628,56594,0.37,Approved,Low Risk
24,61350,0,44000,120,1,Employed,Graduate,Married,1,Urban,Yes,0,22156,52716,0.41,Approved,Low Risk
42,46898,21280,29000,360,,Unemployed,Not Graduate,Married,2,Semiurban,No,0,14852,73730,0.35,Approved,Low Risk
37,55142,26424,88000,240,1,Employed,Not Graduate,Married,2,Semiurban,No,0,21816,58063,0.4,Approved,Low Risk
42,34780,21141,15000,120,1,Unemployed,Graduate,Married,4,Rural,No,0,17498,19161,0.53,Approved,Low Risk
30,42144,80582,76000,180,0,Unemployed,Not Graduate,Married,1,Urban,No,1,21177,21568,0.58,Rejected,High Risk
21,58743,0,112000,240,1,Employed,Graduate,Married,1,Urban,No,0,23623,53608,0.4,Rejected,Low Risk
37,35947,0,17000,48,1,Unemployed,Not Graduate,Single,0,Rural,No,1,18524,23463,0.6,Rejected,High Risk
45,82837,0,96000,60,1,Employed,Not Graduate,Married,0,Rural,No,0,36031,62144,0.47,Approved,Low Risk
36,15068,27061,13000,60,1,Employed,Graduate,Married,2,Urban,No,1,6017,11581,0.47,Approved,Low Risk
38,36125,80909,157000,120,,Employed,Not Graduate,Married,1,Semiurban,No,1,9891,73046,0.38,Approved,Low Risk
44,56618,47495,29000,48,1,Employed,Not Graduate,Married,0,Urban,No,0,19762,19039,0.35,Approved,Low Risk
37,22256,0,10000,240,,Unemployed,Not Graduate,Married,0,Rural,No,0,7883,31537,0.37,Approved,Low Risk
33,33505,31970,96000,120,1,Employed,Graduate,Married,2,Rural,No,1,12299,78838,0.44,Approved,Low Risk
34,26542,35771,58000,24,1,Employed,Not Graduate,Married,1,Urban,No,0,10651,37636,0.4,Approved,Low Risk
28,36981,0,15000,120,1,Employed,Not Graduate,Single,2,Urban,Yes,1,12429,13206,0.41,Approved,Low Risk
38,26156,0,14000,360,1,Unemployed,Graduate,Single,2,Urban,No,1,7289,37417,0.39,Approved,Low Risk
48,24687,0,30000,120,,Employed,Not Graduate,Single,1,Rural,No,2,11181,28242,0.6,Rejected,High Risk
37,15787,0,13000,240,1,Employed,Graduate,Single,3,Urban,No,3,5750,19129,0.63,Rejected,High Risk
27,36137,0,37000,24,1,Unemployed,Graduate,Married,0,Semiurban,No,1,8997,38592,0.34,Approved,Low Risk
30,47387,37058,140000,60,1,Employed,Graduate,Married,4,Urban,No,4,20314,35359,0.73,Rejected,High Risk
27,41611,0,41000,84,1,Employed,Not Graduate,Single,1,Rural,Yes,0,19928,18803,0.48,Rejected,Medium Risk
31,60671,0,22000,36,1,Employed,Graduate,Single,3,Urban,No,0,30521,0,0.5,Rejected,High Risk
28,41788,32723,78000,120,1,Employed,Graduate,Married,1,Semiurban,No,1,17903,26261,0.5,Approved,Low Risk
55,46230,0,52000,48,0,Unemployed,Not Graduate,Single,4,Urban,No,3,24600,17252,0.81,Rejected,High Risk
50,58883,0,20000,180,1,Unemployed,Not Graduate,Married,1,Rural,No,0,23883,65648,0.42,Approved,Low Risk
31,58676,33476,30000,180,0,Unemployed,Not Graduate,Married,4,Rural,No,3,32418,28456,0.78,Rejected,High Risk
49,59522,20791,92000,360,,Employed,Not Graduate,Married,2,Semiurban,No,0,27330,57511,0.46,Approved,Low Risk
38,49130,66025,143000,60,1,Unemployed,Not Graduate,Married,2,Urban,No,0,19259,47484,0.4,Approved,Low Risk
34,30501,17109,27000,60,1,Employed,Graduate,Married,0,Semiurban,No,1,10482,0,0.43,Rejected,High Risk
50,63402,9539,71000,120,1,Employed,Graduate,Married,1,Urban,No,2,34550,40348,0.7,Rejected,Medium Risk
33,56088,18258,60000,12,1,Employed,Not Graduate,Married,0,Urban,No,0,22447,74072,0.4,Approved,Low Risk
30,71682,0,37000,60,1,Employed,Not Graduate,Married,2,Urban,No,4,27929,56712,0.72,Rejected,Medium Risk
57,22942,0,30000,120,1,Unemployed,Graduate,Single,0,Semiurban,No,0,11479,30942,0.5,Rejected,High Risk
27,72646,0,46000,36,1,Employed,Graduate,Single,2,Rural,No,2,33958,100084,0.62,Approved,Low Risk
44,65135,0,51000,84,1,Employed,Not Graduate,Married,0,Urban,No,2,27542,123641,0.59,Approved,Low Risk
24,54089,0,29000,60,1,Unemployed,Not Graduate,Married,3,Urban,No,1,16044,57585,0.39,Approved,Low Risk
42,47185,0,54000,360,1,Employed,Not Graduate,Single,0,Semiurban,No,1,19317,31656,0.51,Rejected,Medium Risk
38,33602,0,65000,12,0,Unemployed,Not Graduate,Single,3,Urban,No,0,11364,12622,0.34,Rejected,High Risk
42,41561,0,30000,180,,Employed,Graduate,Single,0,Urban,No,0,17365,51619,0.42,Approved,Low Risk
54,30143,9336,31000,60,,Employed,Graduate,Married,0,Semiurban,No,1,7555,42250,0.33,Approved,Low Risk
34,85310,0,37000,120,1,Unemployed,Not Graduate,Married,0,Urban,No,0,26739,168899,0.32,Approved,Low Risk
21,63713,0,48000,120,,Employed,Not Graduate,Single,4,Rural,No,0,27712,42735,0.47,Approved,Low Risk
21,35912,0,14000,36,1,Employed,Graduate,Single,0,Urban,Yes,0,14521,29366,0.4,Approved,Low Risk
45,104868,25445,188000,120,1,Employed,Graduate,Married,1,Rural,No,0,46281,86197,0.46,Approved,Low Risk
22,38115,0,51000,240,1,Unemployed,Not Graduate,Single,3,Rural,No,0,18279,23316,0.5,Rejected,High Risk
39,42843,30646,44000,36,1,Employed,Graduate,Married,2,Rural,No,0,23190,122866,0.54,Approved,Low Risk
26,17110,0,10000,120,1,Employed,Graduate,Single,2,Urban,Yes,1,8636,25535,0.58,Rejected,High Risk
41,21936,0,10000,24,1,Employed,Not Graduate,Single,2,Urban,Yes,0,7618,25105,0.36,Approved,Low Risk
49,70227,0,104000,36,1,Employed,Graduate,Single,0,Semiurban,Yes,4,23012,147952,0.63,Rejected,High Risk
37,57167,24556,130000,36,1,Employed,Graduate,Married,0,Semiurban,No,0,18181,64405,0.33,Approved,Low Risk
44,91914,0,65000,60,1,Employed,Graduate,Single,,Urban,No,0,43721,164261,0.5,Approved,Low Risk
41,74161,7345,170000,36,0,Unemployed,Not Graduate,Married,1,Urban,No,0,22302,12928,0.3,Rejected,High Risk
50,41291,20132,19000,48,1,Employed,Graduate,Married,1,Urban,No,1,16504,24811,0.47,Approved,Low Risk
39,26761,0,22000,360,1,Employed,Graduate,Married,2,Rural,Yes,0,11212,51185,0.46,Approved,Low Risk
24,104892,15669,82000,60,0,Unemployed,Not Graduate,Married,,Urban,No,3,58160,44286,0.78,Rejected,High Risk
50,52257,0,58000,12,1,Unemployed,Graduate,Single,0,Urban,No,0,14581,93917,0.3,Approved,Low Risk
23,38304,0,53000,24,1,Employed,Graduate,Married,1,Rural,No,3,10579,66775,0.54,Rejected,High Risk
44,57327,20626,62000,24,1,Employed,Graduate,Married,2,Semiurban,No,0,29805,53940,0.55,Approved,Low Risk
50,64174,0,32000,60,1,Employed,Not Graduate,Married,1,Semiurban,No,0,29067,38946,0.45,Approved,Low Risk
46,68956,0,49000,48,1,Employed,Not Graduate,Married,4,Urban,No,1,28097,110496,0.48,Approved,Low Risk
34,40030,0,18000,48,1,Employed,Not Graduate,Single,0,Urban,No,0,18537,53775,0.46,Approved,Low Risk
41,55864,0,86000,36,1,Unemployed,Not Graduate,Single,4,Urban,No,1,30016,69795,0.66,Rejected,High Risk
40,66422,0,58000,12,1,Employed,Not Graduate,Single,2,Semiurban,No,0,28229,119177,0.42,Approved,Low Risk
39,39369,0,39000,24,1,Employed,Graduate,Single,2,Semiurban,No,0,17345,60465,0.44,Approved,Low Risk
21,73181,43019,94000,84,1,Employed,Graduate,Married,1,Rural,No,0,34998,81570,0.48,Approved,Low Risk
45,89033,0,87000,180,1,Employed,Graduate,Single,0,Urban,No,1,27971,118217,0.39,Approved,Low Risk
25,44763,0,72000,36,1,Employed,Graduate,Married,3,Semiurban,No,0,22696,34107,0.51,Approved,Medium Risk
21,79190,23168,60000,12,1,Employed,Not Graduate,Married,2,Urban,No,0,40059,156077,0.51,Approved,Low Risk
41,43400,0,48000,48,1,Employed,Graduate,Single,1,Urban,No,0,14094,42818,0.32,Approved,Low Risk
33,37503,0,32000,120,1,Employed,Not Graduate,Single,1,Semiurban,No,0,12353,30129,0.34,Approved,Low Risk
27,34437,28401,46000,180,1,Employed,Not Graduate,Married,1,Rural,No,1,13152,36238,0.46,Approved,Low Risk
24,55878,0,21000,84,1,Employed,Graduate,Single,3,Urban,No,0,25984,34509,0.49,Approved,Low Risk
23,76718,0,51000,24,1,Employed,Graduate,Single,1,Urban,No,0,34882,44340,0.45,Approved,Low Risk
39,88067,0,104000,120,1,Employed,Graduate,Single,3,Urban,Yes,0,50763,103658,0.63,Approved,Low Risk
37,60730,15155,,24,1,Employed,Not Graduate,Married,1,Rural,No,3,33252,79979,0.77,Rejected,Medium Risk
31,68870,21557,56000,120,0,Employed,Not Graduate,Married,2,Semiurban,No,3,32038,34467,0.73,Rejected,High Risk
29,48456,17595,39000,84,1,Employed,Not Graduate,Married,4,Semiurban,Yes,1,30233,35828,0.7,Approved,Low Risk
37,41824,0,72000,60,1,Employed,Graduate,Single,2,Rural,No,1,16063,45955,0.48,Rejected,Medium Risk
34,64125,0,20000,24,1,Employed,Not Graduate,Married,4,Semiurban,No,0,23286,44506,0.36,Approved,Low Risk
31,33836,0,34000,12,1,Employed,Graduate,Single,1,Semiurban,No,0,14287,77247,0.42,Approved,Low Risk
38,15985,0,10000,120,1,Employed,Graduate,Single,4,Urban,No,0,6304,16013,0.4,Approved,Low Risk
41,39618,19909,49000,120,1,Employed,Graduate,Married,2,Rural,No,1,18602,29715,0.55,Approved,Low Risk
35,79549,0,127000,120,1,Unemployed,Not Graduate,Single,1,Semiurban,No,1,38872,137197,0.56,Rejected,High Risk
41,26577,0,31000,36,1,Unemployed,Not Graduate,Married,0,Urban,No,1,13762,18470,0.6,Rejected,High Risk
21,50533,31636,38000,60,1,Employed,Graduate,Married,2,Rural,No,0,16453,34305,0.33,Approved,Low Risk
36,72433,26110,125000,12,1,Employed,Graduate,Married,0,Rural,No,0,30719,70782,0.44,Approved,Low Risk
42,70020,0,77000,36,1,Employed,Graduate,Single,0,Urban,No,0,21222,93075,0.34,Approved,Low Risk
42,28911,25954,46000,60,0,Employed,Not Graduate,Married,4,Rural,Yes,3,8932,17053,0.57,Rejected,High Risk
43,21996,0,15000,48,1,Unemployed,Graduate,Single,0,Rural,No,0,9888,36034,0.45,Approved,Medium Risk
63,124956,0,102000,180,1,Employed,Graduate,Single,2,Rural,No,0,70302,173320,0.6,Approved,Low Risk
43,28248,0,12000,360,1,Employed,Not Graduate,Single,4,Semiurban,No,1,10694,21873,0.45,Approved,Low Risk
51,28655,0,10000,180,1,Employed,Graduate,Single,1,Urban,No,0,8073,12032,0.35,Approved,Low Risk
45,15000,95023,70000,36,1,Employed,Not Graduate,Married,3,Rural,Yes,0,5278,9583,0.36,Approved,Low Risk
36,27237,0,25000,60,,Unemployed,Not Graduate,Married,0,Urban,No,0,11616,30725,0.43,Rejected,Medium Risk
31,99190,0,92000,36,1,Employed,Graduate,Married,0,Rural,No,0,47426,0,0.48,Approved,High Risk
34,37689,38074,49000,120,1,Employed,Graduate,Married,3,Semiurban,Yes,0,23769,70803,0.63,Approved,Low Risk
33,59718,25995,67000,36,,Unemployed,Graduate,Married,2,Urban,No,1,29081,136812,0.56,Rejected,Low Risk
46,40366,41246,102000,84,1,Employed,Not Graduate,Married,1,Semiurban,No,1,19389,16530,0.56,Approved,Medium Risk
41,112834,0,124000,180,1,Employed,Not Graduate,Single,0,Semiurban,Yes,1,27593,135703,0.32,Approved,Low Risk
29,23471,0,46000,24,1,Employed,Not Graduate,Single,0,Urban,No,2,7927,42294,0.49,Rejected,High Risk
42,75032,0,,24,1,Unemployed,Not Graduate,Single,,Rural,No,0,40502,188538,0.56,Approved,Low Risk
60,15000,0,13000,60,1,Employed,Graduate,Married,0,Semiurban,No,3,4405,12645,0.52,Rejected,High Risk
21,52685,16523,39000,24,1,Employed,Not Graduate,Married,2,Rural,No,0,23850,76898,0.48,Approved,Low Risk
57,49289,19118,24000,120,0,Employed,Graduate,Married,2,Urban,No,0,27711,7940,0.56,Rejected,High Risk
48,41552,13636,16000,240,1,Employed,Graduate,Married,,Rural,No,1,18374,69231,0.52,Approved,Low Risk
39,82564,0,36000,240,1,,Not Graduate,Married,3,Semiurban,No,1,38098,138204,0.54,Approved,Low Risk
61,63251,0,41000,84,1,Unemployed,Graduate,Married,1,Semiurban,No,0,19615,78493,0.31,Approved,Low Risk
48,52954,0,33000,36,,Employed,Not Graduate,Married,3,Rural,No,0,22180,45605,0.42,Approved,Low Risk
61,57665,32028,54000,24,0,Employed,Graduate,Married,0,Urban,No,0,31950,26592,0.58,Rejected,High Risk
42,59545,0,25000,48,1,Employed,Graduate,Single,,Urban,Yes,1,21037,107350,0.48,Approved,Low Risk
49,54550,55709,68000,60,1,Employed,Not Graduate,Married,3,Rural,No,3,27590,24962,0.73,Approved,Medium Risk
33,45604,0,94000,36,1,Employed,Graduate,Single,4,Urban,No,0,17368,120507,0.4,Rejected,Low Risk
34,15000,0,11000,36,1,Employed,Not Graduate,Single,0,Semiurban,No,0,6232,8447,0.42,Approved,Low Risk
39,75274,33370,186000,120,1,Employed,Not Graduate,Married,1,Semiurban,No,0,28852,56111,0.41,Approved,Low Risk
54,41470,0,44000,180,1,Employed,Not Graduate,Single,3,Urban,No,0,22146,33690,0.54,Approved,Medium Risk
42,46593,0,43000,180,1,Employed,Graduate,Single,0,Semiurban,No,0,25875,33388,0.6,Approved,Low Risk
31,78275,0,87000,24,1,Employed,Graduate,Single,0,Rural,No,0,23116,166794,0.3,Approved,Low Risk
30,31498,0,48000,36,1,Employed,Not Graduate,Single,3,Rural,No,1,9815,22401,0.41,Rejected,High Risk
33,122077,34420,220000,48,,Unemployed,Graduate,Married,1,Rural,No,0,59875,263588,0.52,Rejected,Low Risk
30,33703,20723,28000,24,1,Unemployed,Graduate,Married,2,Semiurban,No,0,18959,25849,0.56,Approved,Low Risk
37,44414,0,28000,120,1,Employed,Graduate,Single,3,Urban,No,1,18645,47535,0.49,Approved,Low Risk
39,27578,0,36000,12,1,Unemployed,Graduate,Single,1,Urban,No,1,9133,27020,0.41,Rejected,Medium Risk
45,63199,23662,102000,84,0,Employed,Graduate,Married,1,Rural,No,4,29218,0,0.78,Rejected,High Risk
44,84311,0,26000,60,1,Unemployed,Graduate,Single,0,Urban,No,1,38588,220232,0.55,Approved,Low Risk
60,23257,20793,19000,48,1,Unemployed,Not Graduate,Married,1,Semiurban,No,2,12003,39655,0.67,Rejected,High Risk
46,64699,0,74000,84,0,Unemployed,Graduate,Married,0,Semiurban,No,0,23225,37712,0.36,Rejected,High Risk
50,51190,27892,69000,24,1,Unemployed,Graduate,Married,2,Rural,No,1,21625,83691,0.5,Approved,Low Risk
29,32513,35164,,48,1,Employed,Graduate,Married,0,Rural,No,0,9861,41832,0.32,Approved,Low Risk
63,35861,0,20000,48,,Employed,Not Graduate,Single,0,Urban,No,0,17776,138073,0.56,Approved,Low Risk
51,43160,0,36000,48,1,Unemployed,Graduate,Single,1,Semiurban,No,0,22970,55178,0.53,Approved,Medium Risk
35,48483,0,21000,24,1,Unemployed,Graduate,Married,2,Urban,No,0,18309,91632,0.38,Approved,Low Risk
38,18942,13855,32000,48,1,Employed,Graduate,Married,4,Semiurban,Yes,0,11356,20463,0.6,Rejected,Medium Risk
40,26624,24418,34000,120,1,Employed,Not Graduate,Married,0,Rural,No,2,10194,24708,0.53,Approved,Medium Risk
47,58721,0,85000,120,1,Employed,Graduate,Married,1,Semiurban,No,0,22266,40766,0.38,Approved,Low Risk
35,91990,36490,80000,180,1,Employed,Graduate,Married,1,Urban,No,0,27508,91153,0.31,Approved,Low Risk
56,82874,33186,165000,60,1,Unemployed,Graduate,Married,0,Urban,No,0,41864,45078,0.51,Approved,Low Risk
37,81312,0,23000,24,1,Employed,Graduate,Married,1,Rural,No,0,36359,0,0.45,Approved,Medium Risk
35,44539,0,10000,84,1,Employed,Not Graduate,Single,3,Rural,Yes,0,13719,80297,0.31,Approved,Low Risk
38,59469,0,24000,240,1,Employed,Not Graduate,Married,3,Semiurban,No,0,22695,68145,0.4,Approved,Low Risk
38,32950,0,10000,36,1,Employed,Not Graduate,Married,3,Rural,Yes,0,13330,21378,0.4,Approved,Low Risk
41,70656,51373,89000,84,1,Employed,Not Graduate,Married,2,Urban,No,0,31450,67391,0.47,Approved,Low Risk
36,58694,11064,71000,240,1,Unemployed,Graduate,Married,4,Urban,No,1,26914,35550,0.53,Approved,Medium Risk
35,71766,0,61000,60,1,Unemployed,Graduate,Single,3,Urban,No,0,28967,40415,0.4,Approved,Low Risk
31,110135,0,126000,120,1,Employed,Not Graduate,Married,3,Semiurban,Yes,0,42409,55628,0.39,Approved,Low Risk
30,40580,0,27000,84,1,Employed,Not Graduate,Married,0,Urban,No,2,14420,27747,0.51,Approved,Low Risk
44,44763,0,41000,60,1,Unemployed,Graduate,Single,3,Urban,No,0,17040,63558,0.38,Approved,Low Risk
48,40844,35318,35000,48,0,Employed,Graduate,Married,3,Urban,No,3,14674,24151,0.58,Rejected,High Risk
21,42799,0,36000,36,1,Unemployed,Not Graduate,Married,4,Rural,No,4,17637,64675,0.71,Rejected,High Risk
49,29904,27694,59000,60,1,Employed,Not Graduate,Married,,Semiurban,No,0,17019,47409,0.58,Approved,Low Risk
25,90489,0,29000,180,1,Employed,Graduate,Single,3,Urban,Yes,1,26631,87541,0.38,Approved,Low Risk
47,78481,28947,61000,360,1,Employed,Graduate,Married,3,Urban,No,2,41686,87563,0.72,Approved,Low Risk
34,100106,0,,120,0,Employed,Graduate,Single,1,Urban,No,0,31242,50101,0.31,Approved,Low Risk
38,32656,12501,28000,60,1,Employed,Graduate,Married,4,Urban,No,0,14273,15065,0.47,Approved,Low Risk
46,46650,0,20000,60,1,Employed,Graduate,Single,0,Urban,No,1,19511,33322,0.55,Approved,Low Risk
35,38032,0,40000,240,1,Employed,Graduate,Single,0,Urban,No,0,14748,34032,0.39,Approved,Low Risk
43,38523,0,15000,84,1,Employed,Graduate,Married,2,Rural,No,1,19395,54628,0.59,Approved,Low Risk
35,22653,29278,41000,120,1,Unemployed,Graduate,Married,1,Urban,No,1,8621,12572,0.46,Approved,Low Risk
39,35605,33459,47000,360,0,Employed,Graduate,Married,4,Semiurban,No,0,16518,10812,0.46,Approved,Medium Risk
32,55568,0,29000,180,1,Employed,Graduate,Single,3,Urban,No,1,27042,124570,0.56,Approved,Low Risk
57,54316,0,94000,180,1,Employed,Not Graduate,Single,0,Rural,No,1,16567,38983,0.38,Rejected,High Risk
37,80361,0,18000,84,0,Employed,Graduate,Married,1,Semiurban,No,1,45362,42565,0.67,Rejected,High Risk
43,35229,0,16000,24,1,Employed,Graduate,Married,4,Urban,No,1,11534,46540,0.4,Approved,Low Risk
45,20022,0,11000,120,1,Employed,Not Graduate,Single,3,Semiurban,No,2,8160,0,0.56,Rejected,High Risk
39,107174,0,121000,36,1,Employed,Not Graduate,Single,4,Semiurban,No,2,44291,215635,0.56,Approved,Low Risk
48,41156,0,25000,180,1,Employed,Graduate,Single,0,Urban,Yes,0,17695,27394,0.43,Approved,Low Risk
26,88649,0,91000,84,1,Unemployed,Not Graduate,Single,4,Urban,No,0,35323,26015,0.44,Approved,Low Risk
24,25236,0,24000,120,1,Employed,Not Graduate,Single,2,Rural,Yes,1,10712,18641,0.52,Rejected,High Risk
37,70105,0,50000,60,1,Employed,Not Graduate,Married,4,Semiurban,No,4,32175,53062,0.76,Rejected,Medium Risk
25,36602,0,13000,84,1,Employed,Not Graduate,Single,1,Semiurban,No,2,11280,24939,0.46,Approved,Low Risk
49,57972,0,24000,120,0,Employed,Graduate,Single,0,Semiurban,No,0,23841,8919,0.44,Approved,Medium Risk
35,52012,0,27000,120,0,Employed,Graduate,Married,4,Urban,No,0,35832,13588,0.69,Approved,High Risk
28,37095,0,10000,120,0,Employed,Graduate,Married,0,Semiurban,No,0,9151,18215,0.26,Approved,Low Risk
43,56823,0,28000,36,1,Employed,Graduate,Married,0,Semiurban,Yes,1,24152,73351,0.5,Approved,Low Risk
54,52906,24264,81000,36,1,Employed,Not Graduate,Married,4,Urban,No,0,23960,93427,0.46,Approved,Low Risk
25,22754,0,48000,120,,Employed,Not Graduate,Single,3,Semiurban,No,0,9702,29430,0.46,Rejected,High Risk
43,94694,30890,86000,180,1,,Not Graduate,Married,2,Urban,No,2,43237,85422,0.61,Approved,Low Risk
21,51519,0,42000,60,1,Employed,Not Graduate,Single,3,Semiurban,No,0,24449,114035,0.48,Approved,Low Risk
30,46772,0,48000,180,1,Employed,Graduate,Single,0,Semiurban,Yes,0,10525,101730,0.23,Approved,Low Risk
44,101249,0,76000,180,1,Employed,Graduate,Single,1,Rural,No,1,41926,146851,0.49,Approved,Low Risk
27,39713,0,49000,120,1,Employed,Graduate,Single,4,Rural,No,3,18616,64632,0.71,Rejected,High Risk
47,36186,21829,23000,180,1,Employed,Graduate,Married,2,Rural,No,1,16831,83982,0.58,Approved,Low Risk
38,53195,21785,22000,84,1,Unemployed,Graduate,Married,0,Urban,No,1,18011,77142,0.41,Approved,Low Risk
59,63384,34413,88000,36,1,Unemployed,Graduate,Married,0,Semiurban,No,2,23127,119324,0.51,Approved,Low Risk
54,38788,0,,36,1,Unemployed,Graduate,Single,4,Urban,No,0,22697,36040,0.59,Rejected,Low Risk
39,54829,0,32000,60,,Employed,Graduate,Single,0,Urban,No,2,14144,33199,0.41,Approved,Low Risk
42,41928,0,45000,48,1,Unemployed,Not Graduate,Married,3,Semiurban,No,0,13416,104114,0.32,Approved,Low Risk
43,60865,46604,52000,120,1,Employed,Graduate,Married,3,Urban,No,0,31375,38132,0.52,Approved,Low Risk
43,24067,0,10000,60,1,Employed,Graduate,Married,0,Semiurban,No,3,7303,21557,0.56,Approved,Medium Risk
48,52909,0,26000,36,0,Unemployed,Not Graduate,Single,3,Semiurban,No,2,24810,11680,0.66,Rejected,High Risk
33,42223,34583,13000,180,1,Employed,Graduate,Married,0,Urban,No,1,14431,52685,0.42,Approved,Low Risk
35,47299,35719,78000,240,1,Employed,Graduate,Married,3,Rural,No,0,28244,36195,0.6,Approved,Low Risk
38,52853,0,77000,36,1,Employed,Not Graduate,Single,1,Urban,No,0,19839,15419,0.41,Approved,Low Risk
44,49729,0,33000,24,1,Unemployed,Graduate,Single,4,Urban,No,1,26162,0,0.6,Rejected,High Risk
33,42369,0,40000,84,,Employed,Not Graduate,Single,4,Urban,No,1,21708,24318,0.6,Rejected,High Risk
27,25838,0,11000,180,0,Employed,Not Graduate,Single,4,Semiurban,Yes,0,7996,13444,0.33,Rejected,High Risk
36,43677,0,29000,360,1,Unemployed,Graduate,Married,1,Urban,No,0,17940,54341,0.41,Approved,Low Risk
32,66477,0,56000,360,1,Employed,Graduate,Married,2,Rural,No,1,20501,98490,0.41,Approved,Low Risk
36,15000,0,14000,48,1,Employed,Graduate,Single,1,Urban,Yes,0,3577,13049,0.24,Approved,Low Risk
41,39112,0,22000,120,0,Employed,Graduate,Single,3,Urban,No,0,20364,6659,0.52,Rejected,High Risk
57,36599,0,40000,240,0,Employed,Graduate,Single,4,Semiurban,No,2,22312,7924,0.8,Rejected,High Risk
37,36783,0,48000,84,0,Employed,Not Graduate,Single,0,Semiurban,No,1,21395,20156,0.66,Rejected,High Risk
41,77900,0,84000,84,0,Unemployed,Not Graduate,Single,3,Rural,No,0,40792,42309,0.52,Rejected,High Risk
40,35289,0,25000,24,1,Employed,Not Graduate,Single,,Semiurban,No,2,14583,31350,0.62,Rejected,Medium Risk
44,45319,0,38000,180,1,Employed,Graduate,Married,1,Semiurban,No,0,18234,0,0.4,Rejected,High Risk
51,87771,14563,137000,360,1,Employed,Graduate,Married,4,Semiurban,Yes,3,37643,95771,0.72,Approved,Medium Risk
38,56406,27386,42000,180,1,Employed,Graduate,Married,1,Semiurban,No,0,26400,26368,0.51,Approved,Low Risk
54,32971,0,17000,60,1,Unemployed,Graduate,Single,2,Semiurban,No,1,16729,21286,0.58,Approved,High Risk
39,21988,31042,17000,36,1,Employed,Graduate,Married,4,Urban,No,0,10898,5885,0.5,Approved,Low Risk
38,50764,0,77000,84,1,Unemployed,Graduate,Single,,Rural,No,2,31837,34076,0.82,Rejected,High Risk
40,60017,35693,82000,120,1,Employed,Graduate,Married,2,Semiurban,No,0,19875,161320,0.34,Approved,Low Risk
31,58332,0,51000,84,0,Employed,Graduate,Single,2,Semiurban,Yes,0,21154,35963,0.36,Rejected,Medium Risk
48,47156,18489,30000,36,1,Employed,Graduate,Married,1,Rural,Yes,2,20884,52134,0.59,Approved,Low Risk
27,39247,0,59000,36,0,Employed,Not Graduate,Single,0,Rural,Yes,0,16552,10030,0.45,Rejected,High Risk
45,45502,23517,35000,12,1,Unemployed,Graduate,Married,3,Semiurban,No,1,21008,60941,0.54,Approved,Low Risk
45,35759,23359,38000,360,1,Employed,Graduate,Married,3,Semiurban,No,0,14842,52038,0.42,Approved,Low Risk
36,62082,0,81000,36,,Unemployed,Not Graduate,Married,4,Urban,No,1,21600,109735,0.42,Rejected,Low Risk
49,47849,0,50000,24,,Unemployed,Not Graduate,Married,3,Urban,No,2,17455,72631,0.54,Rejected,High Risk
31,54656,0,85000,24,1,Employed,Graduate,Single,2,Urban,Yes,0,25184,62953,0.51,Rejected,Medium Risk
32,50984,0,40000,48,1,Employed,Graduate,Single,2,Rural,No,1,17345,72748,0.42,Approved,Low Risk
36,68764,0,21000,120,1,Employed,Graduate,Single,3,Urban,Yes,0,20568,57538,0.3,Approved,Low Risk
33,61907,0,103000,36,1,Employed,Graduate,Married,3,Rural,No,0,35518,67012,0.57,Approved,Medium Risk
34,26665,0,17000,36,1,Unemployed,Not Graduate,Married,3,Rural,No,1,11913,10046,0.52,Approved,High Risk
22,71839,0,75000,60,1,Unemployed,Graduate,Single,0,Rural,No,0,17767,62238,0.26,Approved,Low Risk
24,82518,32857,,24,1,Employed,Not Graduate,Married,4,Urban,No,0,47710,76162,0.58,Approved,Low Risk
47,51262,18571,18000,240,1,Employed,Graduate,Married,3,Rural,Yes,0,18595,64037,0.37,Approved,Low Risk
43,79679,15215,87000,48,1,Employed,Graduate,Married,1,Urban,No,0,24182,0,0.32,Approved,Low Risk
35,46808,0,31000,180,0,Employed,Graduate,Single,0,Urban,No,0,23421,27013,0.51,Rejected,High Risk
44,35211,0,51000,24,1,Unemployed,Not Graduate,Single,3,Urban,No,2,12523,0,0.51,Rejected,High Risk
34,37227,0,17000,48,1,Unemployed,Not Graduate,Single,0,Rural,No,0,8577,60692,0.23,Approved,Low Risk
45,29836,0,36000,24,1,Employed,Graduate,Married,2,Rural,No,0,10414,26238,0.35,Approved,Low Risk
39,49705,38338,46000,240,1,Employed,Not Graduate,Married,2,Rural,No,2,15537,30007,0.51,Approved,Low Risk
26,64696,0,27000,36,1,Employed,Not Graduate,Married,2,Urban,No,0,24097,26630,0.38,Approved,Low Risk
48,67417,0,153000,60,1,Employed,Graduate,Single,4,Semiurban,No,2,43026,166640,0.79,Rejected,High Risk
62,94267,0,117000,180,1,Employed,Graduate,Married,2,Urban,No,1,37563,173944,0.47,Approved,Low Risk
30,15000,0,10000,240,1,Employed,Graduate,Married,1,Urban,No,0,7677,9669,0.51,Rejected,Medium Risk
46,50704,46151,67000,120,1,Employed,Not Graduate,Married,0,Urban,No,2,15126,101700,0.48,Approved,Low Risk
37,62230,0,30000,60,1,Employed,Graduate,Single,1,Rural,No,0,22862,24392,0.37,Approved,Low Risk
46,41148,25841,25000,12,1,Employed,Graduate,Married,0,Rural,No,2,10729,19849,0.45,Approved,Low Risk
40,15000,0,15000,84,1,Unemployed,Not Graduate,Married,2,Semiurban,No,1,6964,20406,0.54,Rejected,High Risk
44,19873,18708,13000,240,1,Employed,Not Graduate,Married,0,Urban,No,0,8875,0,0.45,Approved,High Risk
27,46915,0,57000,180,1,Employed,Not Graduate,Single,3,Semiurban,Yes,2,19245,81104,0.57,Rejected,High Risk
48,78115,0,23000,36,1,Employed,Graduate,Married,1,Urban,No,3,25052,38262,0.55,Approved,Low Risk
45,28273,0,49000,60,1,Employed,Graduate,Married,0,Semiurban,No,2,8934,60474,0.47,Rejected,High Risk
21,75495,0,29000,180,1,Employed,Graduate,Single,3,Rural,No,0,40786,62004,0.54,Approved,Low Risk
63,39791,14297,,48,1,Employed,Graduate,Married,,Semiurban,No,0,16413,71691,0.41,Approved,Low Risk
43,24631,37510,83000,60,1,Employed,Not Graduate,Married,1,Urban,No,3,8674,15291,0.62,Rejected,High Risk
31,38824,0,47000,120,1,Employed,Graduate,Married,3,Rural,No,0,13126,34123,0.34,Approved,Low Risk
21,51651,22570,14000,84,1,Employed,Graduate,Married,2,Semiurban,Yes,0,34029,79217,0.66,Approved,Low Risk
43,64161,0,16000,12,1,Employed,Graduate,Married,2,Rural,No,0,28655,153856,0.48,Approved,Low Risk
43,34911,0,25000,84,1,Employed,Not Graduate,Single,4,Urban,No,0,16268,27328,0.47,Approved,Low Risk
41,51322,0,18000,84,0,Employed,Graduate,Single,1,Rural,No,1,21012,11960,0.52,Rejected,High Risk
47,36536,0,10000,12,,Employed,Graduate,Married,0,Rural,No,0,11721,37505,0.32,Approved,Low Risk
37,147175,0,147000,24,1,Employed,Graduate,Single,2,Urban,No,0,50560,313899,0.34,Approved,Low Risk
40,55242,0,55000,360,1,Employed,Not Graduate,Single,1,Urban,No,1,18017,115944,0.4,Approved,Low Risk
34,49999,0,58000,36,1,Employed,Graduate,Single,2,Rural,No,1,22801,0,0.53,Rejected,High Risk
51,22305,75063,135000,36,1,Employed,Graduate,Married,2,Urban,No,4,6754,8190,0.6,Rejected,High Risk
38,31117,0,11000,84,,Employed,Not Graduate,Married,2,Semiurban,No,0,14107,15716,0.45,Rejected,High Risk
28,53427,0,81000,84,1,Employed,Graduate,Married,1,Urban,No,2,20287,0,0.53,Rejected,High Risk
44,32556,0,21000,60,1,Employed,Not Graduate,Single,2,Rural,No,2,14106,27690,0.58,Approved,High Risk
38,95971,18222,94000,240,,Employed,Graduate,Married,2,Rural,No,0,37493,112925,0.4,Approved,Low Risk
45,48838,14863,80000,60,1,Employed,Graduate,Married,0,Semiurban,Yes,0,16557,41678,0.34,Approved,Low Risk
21,72570,24158,146000,60,1,Employed,Not Graduate,Married,2,Rural,Yes,0,23789,78093,0.33,Approved,Low Risk
38,31762,0,10000,36,,Employed,Graduate,Single,3,Semiurban,Yes,0,13869,7883,0.44,Rejected,High Risk
33,78101,9899,94000,48,1,Employed,Not Graduate,Married,0,Urban,No,0,31680,74619,0.41,Approved,Low Risk
26,130386,36809,199000,120,1,Employed,Graduate,Married,1,Semiurban,No,0,59248,164143,0.45,Approved,Low Risk
44,45684,0,16000,180,1,Employed,Graduate,Married,1,Rural,No,0,15764,100917,0.35,Approved,Low Risk
40,30100,0,28000,120,0,Unemployed,Not Graduate,Single,1,Rural,No,0,11677,4805,0.44,Rejected,High Risk
35,24050,0,12000,240,0,Employed,Graduate,Married,,Rural,No,2,11280,5113,0.63,Rejected,High Risk
21,169692,30072,259000,24,1,Unemployed,Not Graduate,Married,2,Urban,No,0,84503,151875,0.5,Approved,Low Risk
30,70715,0,78000,84,1,Unemployed,Not Graduate,Single,0,Rural,No,0,23954,89603,0.34,Approved,Low Risk
27,40712,52175,58000,60,1,Employed,Not Graduate,Married,2,Semiurban,No,0,20571,90186,0.51,Approved,Low Risk
33,96073,18200,93000,60,0,Unemployed,Not Graduate,Married,0,Urban,No,0,40764,55106,0.42,Rejected,Medium Risk
25,82682,28876,32000,60,1,Employed,Not Graduate,Married,4,Rural,No,3,35643,64822,0.66,Approved,Low Risk
56,22983,29952,86000,60,1,Employed,Not Graduate,Married,0,Rural,No,0,5739,49044,0.25,Approved,Low Risk
43,49117,22401,51000,36,1,Employed,Not Graduate,Married,3,Urban,No,0,25377,88141,0.52,Approved,Low Risk
38,76184,0,34000,240,1,Employed,Not Graduate,Single,1,Semiurban,No,1,34430,77066,0.54,Approved,Low Risk
28,56133,0,36000,60,1,Unemployed,Not Graduate,Single,4,Urban,No,3,23858,37749,0.69,Rejected,High Risk
31,58511,0,33000,60,0,Employed,Graduate,Married,3,Urban,Yes,4,19135,32447,0.63,Rejected,High Risk
45,64370,0,39000,360,1,Employed,Graduate,Single,3,Rural,Yes,1,24349,41581,0.46,Approved,Low Risk
41,35435,0,12000,48,1,Employed,Not Graduate,Single,0,Urban,No,1,15450,15204,0.52,Approved,Low Risk
46,23299,16927,18000,48,1,Employed,Not Graduate,Married,2,Rural,No,0,11167,0,0.52,Rejected,High Risk
40,94061,0,43000,84,0,Employed,Graduate,Married,3,Rural,No,3,50080,49464,0.76,Rejected,High Risk
28,42245,24189,34000,120,1,Employed,Graduate,Married,1,Urban,No,0,18461,26145,0.44,Approved,Low Risk
33,62258,0,43000,36,1,Unemployed,Graduate,Single,2,Urban,No,0,32919,50867,0.53,Approved,Low Risk
55,50564,0,78000,60,1,Unemployed,Graduate,Married,0,Urban,No,0,14504,0,0.32,Rejected,High Risk
41,57440,0,100000,180,1,Employed,Not Graduate,Married,3,Urban,No,1,30772,0,0.61,Rejected,High Risk
32,65605,17653,57000,12,1,Employed,Graduate,Married,1,Semiurban,No,0,27227,29058,0.43,Approved,Low Risk
21,33578,31756,21000,360,1,Employed,Graduate,Married,2,Rural,No,0,15987,30398,0.48,Approved,Low Risk
47,48014,0,29000,36,1,Employed,Not Graduate,Single,0,Urban,No,1,18321,109469,0.47,Approved,Low Risk
31,32795,33773,101000,12,1,Employed,Graduate,Married,1,Rural,No,0,19289,48174,0.6,Rejected,Medium Risk
24,54451,0,27000,24,1,Employed,Graduate,Single,2,Semiurban,No,0,27406,24807,0.51,Approved,Low Risk
42,34037,0,18000,180,1,Unemployed,Graduate,Married,2,Semiurban,No,1,15652,19737,0.58,Approved,Medium Risk
43,87521,16886,38000,48,0,Employed,Not Graduate,Married,1,Urban,No,1,53728,54137,0.77,Rejected,High Risk
56,95862,0,57000,12,0,Unemployed,Graduate,Married,1,Semiurban,No,2,46525,34759,0.64,Rejected,High Risk
32,42772,0,25000,36,1,Employed,Not Graduate,Single,0,Urban,No,2,12196,23364,0.44,Approved,Low Risk
44,34857,17798,35000,60,1,,Graduate,Married,3,Semiurban,No,0,14962,20566,0.44,Approved,Low Risk
62,43786,0,61000,180,1,Employed,Not Graduate,Single,1,Semiurban,No,3,18791,35533,0.65,Rejected,High Risk
33,53754,0,19000,84,1,Employed,Graduate,Single,3,Urban,No,0,29274,47329,0.58,Approved,Low Risk
33,44917,0,77000,180,1,Employed,Graduate,Married,3,Urban,No,0,19241,36837,0.43,Approved,Low Risk
44,55422,37672,50000,60,,Employed,Graduate,Married,0,Urban,No,0,30529,33427,0.55,Approved,Low Risk
53,38081,65274,208000,360,1,Employed,Not Graduate,Married,1,Semiurban,Yes,1,12218,22477,0.4,Approved,Low Risk
48,76481,0,48000,120,1,Employed,Graduate,Married,4,Urban,No,0,41994,156450,0.56,Approved,Low Risk
38,50710,15944,,60,,Employed,Graduate,Married,0,Rural,No,0,23347,29575,0.46,Rejected,High Risk
35,46696,0,44000,240,1,Employed,Not Graduate,Single,0,Rural,Yes,2,15331,32795,0.48,Rejected,Medium Risk
45,55279,0,22000,120,,Unemployed,Not Graduate,Single,,Rural,No,1,22716,15691,0.55,Rejected,High Risk
45,27604,29718,93000,60,1,Employed,Graduate,Married,1,Rural,Yes,1,10317,39974,0.45,Approved,Medium Risk
60,37598,20481,,60,1,Unemployed,Not Graduate,Married,3,Urban,No,2,15979,17583,0.63,Approved,High Risk
46,26347,0,10000,36,1,Employed,Graduate,Married,4,Rural,Yes,0,10575,22980,0.4,Approved,Low Risk
30,41118,0,22000,180,1,Employed,Not Graduate,Married,3,Semiurban,Yes,3,14272,53879,0.59,Rejected,Medium Risk
40,54390,0,86000,180,1,Employed,Graduate,Married,1,Urban,Yes,0,20156,76869,0.38,Approved,Low Risk
38,54666,0,24000,240,0,Employed,Not Graduate,Married,4,Semiurban,Yes,0,28141,21788,0.53,Rejected,High Risk
32,23562,23434,64000,84,1,Employed,Graduate,Married,0,Semiurban,Yes,0,9740,50091,0.41,Approved,Low Risk
39,93782,16272,168000,180,,Employed,Graduate,Married,2,Semiurban,No,0,27952,37007,0.3,Approved,Low Risk
65,43660,0,15000,180,1,Employed,Graduate,Single,0,Semiurban,Yes,3,12555,0,0.53,Rejected,High Risk
21,68043,48105,62000,36,1,Employed,Graduate,Married,1,Urban,No,4,31424,137600,0.76,Rejected,Low Risk
21,168601,0,,24,1,Employed,Graduate,Married,3,Rural,No,1,66929,186788,0.47,Approved,Low Risk
34,20268,0,25000,24,1,Employed,Not Graduate,Married,0,Urban,No,1,6863,26089,0.41,Rejected,Medium Risk
33,99327,30412,46000,180,0,Employed,Not Graduate,Married,,Rural,No,0,42442,19614,0.47,Approved,Low Risk
48,62720,0,109000,240,1,Employed,Not Graduate,Single,0,Semiurban,Yes,1,30405,27175,0.56,Approved,High Risk
46,44237,0,21000,360,1,Employed,Graduate,Married,2,Urban,No,1,13463,59612,0.4,Approved,Low Risk
41,89424,111603,176000,180,1,Employed,Graduate,Married,0,Rural,No,1,45121,145796,0.58,Approved,Low Risk
36,72805,0,76000,360,1,Employed,Graduate,Married,3,Urban,No,3,38045,58283,0.75,Rejected,Medium Risk
52,48680,0,42000,48,1,Employed,Graduate,Single,3,Rural,No,0,27960,70185,0.57,Rejected,Low Risk
33,21564,76470,34000,24,1,Employed,Graduate,Married,3,Urban,Yes,0,5580,15750,0.26,Approved,Low Risk
21,37048,0,28000,180,1,Employed,Graduate,Single,1,Semiurban,No,0,10417,47840,0.28,Approved,Low Risk
32,56520,64047,214000,36,1,Employed,Graduate,Married,2,Urban,No,1,26737,0,0.55,Rejected,High Risk
27,21001,35544,43000,48,1,Employed,Graduate,Married,2,Rural,No,1,8417,19013,0.48,Approved,Low Risk
38,37131,0,55000,48,1,Employed,Not Graduate,Single,0,Urban,No,0,13121,55774,0.38,Approved,Low Risk
36,31885,0,45000,240,1,Unemployed,Graduate,Married,1,Urban,No,1,13194,75699,0.49,Approved,Medium Risk
36,38277,36227,54000,36,1,Employed,Not Graduate,Married,2,Urban,No,2,12046,20447,0.5,Approved,Low Risk
40,25201,0,12000,180,0,Employed,Not Graduate,Married,1,Rural,No,1,9424,15865,0.48,Rejected,High Risk
40,44725,0,40000,24,1,Employed,Graduate,Single,1,Semiurban,No,0,21793,50852,0.53,Approved,Low Risk
27,39414,78589,33000,60,1,Employed,Graduate,Married,,Urban,No,1,16669,12690,0.5,Approved,Low Risk
21,49274,0,14000,120,0,Unemployed,Graduate,Single,3,Semiurban,No,0,19489,18993,0.42,Rejected,High Risk
53,137348,0,188000,36,1,Unemployed,Graduate,Single,4,Rural,No,2,68758,0,0.65,Rejected,High Risk
45,42321,0,37000,240,1,Employed,Not Graduate,Single,0,Urban,No,0,19937,76713,0.49,Approved,Low Risk
35,31929,0,45000,24,1,Employed,Not Graduate,Single,1,Rural,Yes,0,15415,28779,0.49,Approved,Medium Risk
43,45672,0,37000,24,1,Employed,Not Graduate,Single,0,Semiurban,No,1,18710,72604,0.52,Approved,Low Risk
28,30250,0,38000,84,0,Unemployed,Graduate,Single,1,Semiurban,No,2,8646,4775,0.45,Rejected,High Risk
40,24966,0,16000,48,1,Employed,Graduate,Single,4,Urban,Yes,0,11238,10096,0.45,Approved,Low Risk
37,97553,26352,136000,84,1,,Not Graduate,Married,4,Semiurban,No,3,38051,182705,0.62,Rejected,Medium Risk
21,52818,24629,125000,180,1,Unemployed,Not Graduate,Married,0,Urban,No,0,15103,58449,0.29,Approved,Low Risk
26,26914,34719,19000,36,1,Employed,Not Graduate,Married,0,Urban,No,2,7913,33420,0.44,Approved,Low Risk
39,80814,0,45000,180,1,Employed,Graduate,Single,1,Rural,No,0,24180,64206,0.3,Approved,Low Risk
40,27294,0,32000,180,1,Employed,Not Graduate,Married,4,Rural,No,0,14663,38690,0.54,Rejected,High Risk
47,78973,11701,26000,12,1,Employed,Graduate,Married,3,Rural,Yes,0,28756,0,0.4,Approved,Low Risk
37,129749,57494,133000,84,1,Unemployed,Not Graduate,Married,0,Urban,No,0,37153,77732,0.29,Approved,Low Risk
61,45696,26154,81000,240,1,Employed,Graduate,Married,2,Rural,No,0,19224,70744,0.45,Approved,Low Risk
52,20352,0,28000,60,1,Employed,Graduate,Single,3,Semiurban,No,1,7267,39184,0.47,Rejected,Medium Risk
60,78655,0,88000,36,1,Employed,Graduate,Married,0,Semiurban,No,1,25770,183453,0.4,Approved,Low Risk
32,56439,0,15000,84,0,Unemployed,Graduate,Single,2,Urban,No,0,26806,33611,0.47,Approved,Medium Risk
41,26633,0,28000,60,1,Employed,Not Graduate,Married,0,Rural,No,0,10031,42090,0.4,Approved,Low Risk
47,33156,0,25000,180,,Employed,Graduate,Married,1,Rural,No,0,10033,38652,0.3,Approved,Low Risk
42,25101,0,10000,120,1,Employed,Not Graduate,Married,0,Rural,No,0,12311,25042,0.49,Approved,Low Risk
27,88633,38246,139000,60,1,Employed,Graduate,Married,0,Semiurban,No,2,41552,82748,0.62,Rejected,Low Risk
45,28530,0,10000,36,1,Unemployed,Graduate,Single,4,Semiurban,No,1,16096,29054,0.64,Rejected,Medium Risk
37,31522,0,12000,24,1,Employed,Not Graduate,Married,1,Urban,Yes,1,11511,59936,0.44,Approved,Low Risk
28,37845,82500,77000,48,1,Employed,Graduate,Married,1,Urban,No,1,13334,42123,0.43,Approved,Low Risk
35,67773,0,68000,240,1,Unemployed,Not Graduate,Single,1,Semiurban,No,0,22882,32919,0.35,Approved,Low Risk
45,95853,0,91000,60,1,Unemployed,Not Graduate,Married,1,Rural,No,0,41591,74210,0.47,Approved,Low Risk
30,25977,53817,111000,84,1,Employed,Not Graduate,Married,2,Rural,No,3,12778,40572,0.72,Rejected,High Risk
40,68186,0,82000,12,1,Employed,Graduate,Single,2,Urban,No,3,24009,141127,0.58,Rejected,Low Risk
21,78061,0,97000,36,0,Employed,Not Graduate,Single,2,Semiurban,No,0,28090,38044,0.36,Rejected,High Risk
38,50856,0,31000,360,1,Employed,Graduate,Married,0,Semiurban,No,2,28432,68514,0.71,Approved,Low Risk
41,60218,0,45000,120,1,Employed,Graduate,Married,1,Semiurban,No,1,31214,139167,0.6,Approved,Low Risk
33,33918,0,10000,24,0,Employed,Not Graduate,Married,4,Rural,Yes,3,14524,19664,0.66,Rejected,High Risk
27,34251,0,11000,48,1,Employed,Not Graduate,Married,1,Semiurban,No,3,17722,56401,0.74,Approved,High Risk
29,51384,0,80000,36,1,Employed,Graduate,Married,1,Rural,No,1,25682,52368,0.58,Approved,High Risk
53,27994,0,34000,12,1,Unemployed,Graduate,Single,0,Urban,No,2,10309,18078,0.54,Rejected,High Risk
48,106604,0,,36,1,Employed,Not Graduate,Single,3,Urban,No,1,66437,61673,0.7,Approved,Low Risk
28,42419,0,53000,60,1,Employed,Graduate,Single,1,Semiurban,No,0,21725,42949,0.51,Approved,Low Risk
32,91487,22498,75000,360,1,Employed,Not Graduate,Married,0,Rural,No,2,33601,83875,0.52,Approved,Low Risk
38,30269,29843,26000,36,1,Employed,Graduate,Married,0,Semiurban,Yes,1,9875,54417,0.4,Approved,Low Risk
46,27729,37149,39000,84,1,Employed,Not Graduate,Married,0,Urban,No,1,12972,10189,0.56,Approved,Low Risk
47,47678,32032,,36,1,Unemployed,Not Graduate,Married,0,Semiurban,No,0,20419,14245,0.43,Rejected,Low Risk
26,93849,16193,79000,36,,Unemployed,Graduate,Married,0,Urban,No,0,25898,192301,0.28,Approved,Low Risk
45,37973,18195,28000,360,1,Unemployed,Graduate,Married,3,Urban,No,0,16350,72198,0.43,Approved,Low Risk
51,35069,0,52000,120,1,Employed,Graduate,Married,4,Urban,Yes,0,16835,10725,0.51,Rejected,High Risk
24,50235,0,23000,60,1,Employed,Not Graduate,Single,3,Rural,No,0,23853,31001,0.49,Approved,Low Risk
30,60269,0,45000,60,0,Employed,Graduate,Single,4,Urban,No,3,33448,0,0.78,Rejected,High Risk
41,56776,28122,102000,120,1,Unemployed,Graduate,Married,2,Urban,No,0,27498,93566,0.51,Approved,Low Risk
32,92077,20565,218000,36,1,Employed,Not Graduate,Married,0,Semiurban,No,2,33704,50536,0.52,Approved,Medium Risk
36,123165,0,81000,60,1,Employed,Graduate,Single,3,Semiurban,Yes,3,58842,0,0.7,Rejected,High Risk
34,63687,43622,112000,48,1,Employed,Graduate,Married,1,Urban,No,3,27664,98742,0.66,Approved,Low Risk
31,73895,0,55000,36,1,Unemployed,Graduate,Married,2,Urban,No,1,32028,0,0.51,Rejected,High Risk
37,62501,16632,30000,120,1,Employed,Graduate,Married,0,Rural,No,1,15220,83579,0.35,Approved,Low Risk
51,60036,35534,38000,60,1,Unemployed,Graduate,Married,0,Urban,No,0,22935,46047,0.38,Approved,Low Risk
51,57566,0,66000,48,1,Employed,Graduate,Married,4,Urban,No,2,23030,0,0.59,Rejected,High Risk
65,47646,0,76000,48,1,Employed,Not Graduate,Single,1,Semiurban,No,3,17986,67449,0.6,Rejected,High Risk
49,56020,23814,63000,36,1,Employed,Not Graduate,Married,1,Rural,No,0,27138,56703,0.48,Approved,Low Risk
34,63065,0,97000,84,1,Employed,Not Graduate,Married,0,Semiurban,No,1,25639,165406,0.48,Approved,Low Risk
51,65088,0,47000,48,,Employed,Not Graduate,Married,0,Semiurban,No,0,25048,91723,0.42,Approved,Low Risk
27,62039,0,54000,36,1,Employed,Not Graduate,Single,3,Urban,No,1,30979,73038,0.58,Approved,Low Risk
23,45764,0,35000,36,1,Unemployed,Graduate,Married,0,Urban,No,3,20227,43795,0.7,Rejected,High Risk
31,26910,91311,111000,180,1,Unemployed,Not Graduate,Married,0,Semiurban,No,0,9815,35550,0.38,Approved,Low Risk
44,59279,0,70000,12,1,Employed,Not Graduate,Single,4,Rural,No,0,31375,76900,0.53,Rejected,Medium Risk
36,22580,0,13000,360,1,Employed,Graduate,Married,0,Urban,No,1,11171,48177,0.57,Rejected,Low Risk
31,31555,0,12000,60,1,Employed,Graduate,Single,3,Rural,No,2,19463,48348,0.77,Rejected,High Risk
33,72517,26570,42000,240,1,Unemployed,Graduate,Married,3,Semiurban,No,0,35153,38802,0.48,Approved,Low Risk
32,40414,0,23000,240,0,Employed,Graduate,Single,0,Semiurban,No,2,18457,17363,0.64,Rejected,High Risk
48,51081,0,58000,48,1,Employed,Not Graduate,Single,4,Rural,No,1,23780,103792,0.54,Approved,High Risk
39,53377,0,18000,360,,Employed,Graduate,Married,0,Urban,No,0,24142,10025,0.5,Approved,Low Risk
56,71243,0,127000,36,1,Employed,Graduate,Married,3,Urban,No,0,30017,76610,0.43,Approved,Low Risk
30,35789,0,13000,120,1,Employed,Not Graduate,Single,4,Rural,No,0,20914,59235,0.58,Approved,Low Risk
42,47804,32109,75000,360,1,Employed,Not Graduate,Married,4,Semiurban,Yes,1,20683,94017,0.51,Approved,Low Risk
46,33067,0,26000,36,0,Employed,Not Graduate,Single,3,Semiurban,No,0,16581,6462,0.5,Approved,High Risk
28,54770,55552,,120,1,Employed,Not Graduate,Married,4,Urban,Yes,0,31993,50638,0.6,Approved,Low Risk
36,92581,0,15000,60,1,Employed,Not Graduate,Single,0,Rural,No,0,35242,141046,0.39,Approved,Low Risk
50,39545,47799,29000,36,1,Employed,Graduate,Married,,Urban,No,0,18750,16464,0.5,Approved,Low Risk
39,29657,26304,52000,60,1,Employed,Graduate,Married,0,Semiurban,Yes,2,11570,34862,0.59,Rejected,Medium Risk
35,50695,12394,61000,12,1,Unemployed,Graduate,Married,4,Urban,No,0,26072,0,0.51,Rejected,High Risk
48,26228,0,19000,12,1,Employed,Not Graduate,Single,0,Rural,No,2,11189,18548,0.58,Rejected,High Risk
36,30774,0,25000,36,1,Employed,Not Graduate,Single,2,Urban,No,1,10875,33524,0.45,Approved,Low Risk
24,40665,18059,58000,36,1,Employed,Graduate,Married,4,Semiurban,No,0,15713,30905,0.41,Approved,Low Risk
26,53294,34934,37000,60,1,Employed,Graduate,Married,2,Semiurban,No,0,20038,9605,0.38,Approved,Low Risk
30,70017,0,100000,60,1,Unemployed,Graduate,Married,3,Urban,No,0,34287,86340,0.49,Rejected,Low Risk
28,44943,0,65000,60,1,Employed,Not Graduate,Single,0,Rural,No,0,23726,25744,0.53,Approved,High Risk
38,43574,0,48000,240,0,Employed,Graduate,Married,0,Semiurban,No,2,11069,26803,0.44,Rejected,High Risk
50,62525,18852,94000,240,1,Unemployed,Graduate,Married,3,Semiurban,No,2,30679,34988,0.64,Rejected,High Risk
35,53453,33325,53000,48,1,Employed,Graduate,Married,1,Urban,No,0,24415,72292,0.48,Approved,Low Risk
29,59146,41351,115000,120,1,Employed,Graduate,Married,0,Semiurban,No,0,25981,41345,0.44,Approved,Low Risk
49,48789,0,16000,36,1,Employed,Not Graduate,Married,1,Semiurban,Yes,2,22373,45238,0.61,Approved,Low Risk
26,43299,18843,,48,,Employed,Graduate,Married,0,Urban,Yes,0,16650,0,0.38,Rejected,Medium Risk
32,57409,0,65000,36,1,Unemployed,Not Graduate,Single,2,Urban,No,0,22185,91481,0.41,Approved,Low Risk
27,31859,0,,48,1,Employed,Graduate,Single,0,Semiurban,No,0,8488,45695,0.27,Approved,Low Risk
28,72451,0,,60,1,Employed,Graduate,Single,2,Urban,No,0,34105,87285,0.47,Approved,Low Risk
38,38840,0,68000,84,1,Employed,Graduate,Single,0,Semiurban,No,1,12797,54514,0.4,Approved,Low Risk
46,32025,16829,,360,1,Unemployed,Not Graduate,Married,4,Rural,No,0,8892,62925,0.28,Approved,Low Risk
43,81133,0,43000,120,,Employed,Graduate,Married,0,Rural,No,0,28476,70985,0.35,Approved,Low Risk
37,80732,28500,123000,60,1,Employed,Graduate,Married,1,Urban,No,2,38275,85862,0.62,Approved,Low Risk
30,60443,0,13000,180,1,Employed,Not Graduate,Married,2,Semiurban,No,0,14965,45748,0.3,Approved,Low Risk
49,86699,47384,37000,36,1,Employed,Graduate,Married,3,Semiurban,No,1,34268,28572,0.47,Approved,Low Risk
40,20888,0,13000,360,1,Employed,Graduate,Married,1,Urban,No,0,5986,25693,0.31,Approved,Low Risk
49,22520,48308,88000,84,,Employed,Not Graduate,Married,0,Urban,No,2,7630,48885,0.51,Rejected,Low Risk
52,84109,0,52000,120,1,Employed,Not Graduate,Single,2,Semiurban,No,2,44395,101319,0.68,Approved,Low Risk
28,34636,27190,16000,360,1,Employed,Not Graduate,Married,0,Semiurban,Yes,0,12652,29169,0.38,Approved,Low Risk
42,44525,35453,,24,1,Unemployed,Graduate,Married,0,Rural,No,0,18528,39899,0.43,Approved,Low Risk
21,24901,0,17000,180,1,Employed,Graduate,Married,0,Semiurban,Yes,0,8025,21773,0.36,Approved,Low Risk
40,28671,0,49000,36,1,Employed,Not Graduate,Single,2,Semiurban,Yes,2,7532,53681,0.42,Rejected,High Risk
49,64506,0,65000,48,1,Employed,Graduate,Single,1,Urban,No,1,38456,105699,0.67,Rejected,Medium Risk
35,47050,0,22000,240,1,Employed,Graduate,Married,1,Rural,No,1,18778,46700,0.52,Approved,Low Risk
32,39910,0,25000,24,1,Employed,Graduate,Single,0,Urban,No,3,14804,63756,0.62,Approved,Medium Risk
38,38914,0,14000,120,0,Employed,Not Graduate,Married,3,Rural,No,0,14285,15451,0.37,Rejected,Medium Risk
49,102927,13580,88000,36,1,Employed,Graduate,Married,1,Semiurban,No,0,43583,209961,0.42,Approved,Low Risk
26,30794,0,30000,84,1,Unemployed,Not Graduate,Single,1,Semiurban,No,3,12694,45663,0.64,Rejected,High Risk
24,49748,0,11000,36,1,Employed,Not Graduate,Married,0,Rural,No,0,16539,51171,0.33,Approved,Low Risk
56,48275,0,11000,120,,Unemployed,Graduate,Married,2,Semiurban,No,0,18389,29851,0.38,Rejected,Medium Risk
40,34507,0,45000,24,0,Employed,Not Graduate,Married,2,Urban,No,0,14099,11415,0.45,Rejected,High Risk
30,84896,24428,143000,36,1,Employed,Graduate,Married,1,Semiurban,No,0,23350,160370,0.28,Approved,Low Risk
38,41784,0,37000,36,1,Employed,Graduate,Single,2,Rural,Yes,0,19696,26176,0.51,Approved,Low Risk
34,61110,0,23000,120,,Employed,Graduate,Married,1,Rural,No,1,34487,43247,0.64,Approved,Low Risk
35,103745,0,37000,180,1,Employed,Graduate,Single,1,Semiurban,No,0,54281,149068,0.54,Approved,Low Risk
46,41757,0,34000,48,1,Unemployed,Not Graduate,Single,4,Rural,No,0,16868,26481,0.45,Approved,Low Risk
42,33900,0,11000,240,1,Employed,Not Graduate,Single,0,Semiurban,No,0,14714,51457,0.43,Approved,Low Risk
34,50783,15449,37000,48,1,Employed,Graduate,Married,4,Rural,No,2,27193,0,0.73,Rejected,High Risk
36,99852,73806,227000,180,1,Employed,Not Graduate,Married,1,Urban,No,0,44647,128587,0.45,Approved,Low Risk
40,83328,68331,36000,60,,Unemployed,Graduate,Married,3,Semiurban,No,0,38915,14276,0.49,Rejected,Low Risk
37,40621,0,27000,240,1,Employed,Graduate,Married,,Semiurban,No,0,18568,28848,0.47,Approved,Low Risk
49,50244,0,32000,360,1,Employed,Not Graduate,Single,1,Urban,No,3,21489,69605,0.65,Rejected,Medium Risk
40,31220,0,28000,48,1,Employed,Graduate,Married,1,Urban,No,0,14912,59587,0.48,Approved,Low Risk
46,75262,20661,58000,60,1,Employed,Not Graduate,Married,4,Urban,Yes,1,34405,66126,0.56,Approved,Low Risk
24,62149,0,102000,12,0,Employed,Not Graduate,Married,2,Semiurban,No,2,20131,28948,0.53,Rejected,High Risk
33,41050,42775,95000,120,,Employed,Graduate,Married,0,Urban,No,0,19973,45176,0.53,Approved,Low Risk
53,66007,0,71000,240,1,Employed,Not Graduate,Single,3,Urban,No,1,25055,48381,0.45,Approved,Low Risk
27,68334,0,27000,36,1,Unemployed,Not Graduate,Single,1,Urban,No,1,42087,71909,0.75,Approved,Medium Risk
44,26596,33439,,84,1,Employed,Graduate,Married,1,Urban,No,2,7570,23338,0.43,Approved,Low Risk
46,94462,26231,71000,180,1,Employed,Not Graduate,Married,0,Semiurban,No,0,45294,20729,0.48,Approved,Low Risk
21,41677,0,13000,12,1,Unemployed,Graduate,Single,2,Urban,No,2,10166,76290,0.4,Rejected,Low Risk
39,28048,20542,80000,36,1,Unemployed,Not Graduate,Married,2,Semiurban,No,0,15991,14059,0.57,Rejected,High Risk
37,64871,36970,170000,60,1,Employed,Graduate,Married,1,Urban,No,0,15964,85355,0.25,Approved,Low Risk
36,72554,0,33000,60,0,Employed,Graduate,Single,4,Rural,Yes,0,36795,32045,0.52,Approved,High Risk
42,54076,0,20000,60,1,Unemployed,Graduate,Single,,Rural,No,0,35761,58711,0.68,Approved,Low Risk
39,21027,0,38000,24,1,Employed,Not Graduate,Married,2,Rural,No,1,9047,28658,0.51,Rejected,High Risk
38,46101,25082,75000,60,1,Employed,Graduate,Married,3,Rural,No,2,26601,44271,0.74,Rejected,High Risk
40,22797,0,10000,36,0,Employed,Not Graduate,Single,3,Urban,No,0,9389,13305,0.41,Rejected,High Risk
33,29846,0,10000,60,0,Employed,Not Graduate,Married,3,Semiurban,No,0,10381,13184,0.35,Rejected,Medium Risk
47,63692,0,68000,48,1,Employed,Not Graduate,Single,2,Semiurban,No,1,19825,55437,0.41,Approved,Low Risk
36,44636,28722,24000,180,1,Employed,Graduate,Married,0,Urban,No,0,16547,0,0.41,Approved,Low Risk
32,34898,0,22000,36,1,Employed,Not Graduate,Married,4,Urban,No,0,19627,42410,0.59,Rejected,Low Risk
58,55763,0,24000,36,1,Employed,Graduate,Single,1,Urban,Yes,0,23771,62303,0.43,Approved,Low Risk
21,149466,0,72000,180,1,Employed,Not Graduate,Married,0,Semiurban,No,0,50565,59432,0.36,Approved,Low Risk
31,38853,0,29000,84,1,Employed,Not Graduate,Single,2,Urban,No,0,25357,0,0.67,Rejected,High Risk
33,52694,0,17000,12,1,,Not Graduate,Single,2,Urban,No,0,25651,44608,0.54,Approved,Low Risk
50,34470,15185,42000,36,1,Employed,Graduate,Married,0,Rural,No,0,11410,21781,0.33,Approved,Low Risk
37,64033,32925,114000,60,1,Employed,Graduate,Married,0,Semiurban,No,1,19937,57773,0.42,Approved,Low Risk
42,54438,0,74000,84,1,Employed,Graduate,Married,2,Urban,No,0,23405,37056,0.48,Approved,Low Risk
39,52300,37151,60000,60,0,Employed,Not Graduate,Married,2,Urban,Yes,2,25703,18903,0.64,Rejected,High Risk
35,76335,17794,54000,48,1,Employed,Not Graduate,Married,2,Urban,No,3,33462,120355,0.66,Approved,Low Risk
56,86094,22947,89000,84,1,Unemployed,Not Graduate,Married,0,Rural,No,0,30038,172013,0.35,Approved,Low Risk
32,57373,0,61000,60,0,Unemployed,Not Graduate,Single,4,Semiurban,No,0,24953,16118,0.46,Rejected,High Risk
48,22553,0,23000,360,,,Graduate,Single,0,Urban,No,0,6550,29435,0.29,Approved,Low Risk
34,41760,41522,137000,84,,Unemployed,Graduate,Married,3,Rural,No,0,16891,16053,0.4,Rejected,High Risk
43,30655,0,48000,48,1,Unemployed,Not Graduate,Married,4,Urban,No,0,13195,63716,0.44,Rejected,Medium Risk
46,60406,0,81000,120,1,Employed,Not Graduate,Single,0,Rural,No,0,26952,29217,0.45,Rejected,Low Risk
43,49028,26580,38000,60,1,Employed,Graduate,Married,3,Urban,No,0,21453,17538,0.44,Approved,Low Risk
47,43255,0,32000,120,1,Employed,Graduate,Single,2,Urban,No,2,13172,63481,0.45,Approved,Low Risk
34,118157,0,60000,84,1,Employed,Graduate,Single,0,Semiurban,Yes,0,35585,247715,0.31,Approved,Low Risk
34,34207,24194,54000,24,1,Employed,Not Graduate,Married,0,Urban,Yes,0,13385,46514,0.44,Approved,Low Risk
47,30690,28682,,240,1,Employed,Graduate,Married,0,Urban,Yes,0,14908,20840,0.49,Approved,Low Risk
34,42302,0,26000,120,,Employed,Graduate,Single,1,Urban,No,0,25680,76555,0.61,Approved,Low Risk
41,46746,0,96000,180,1,Employed,Not Graduate,Single,1,Rural,No,0,21666,35684,0.46,Approved,Medium Risk
21,59495,57850,100000,240,1,Employed,Not Graduate,Married,1,Semiurban,No,3,27286,104102,0.68,Approved,Low Risk
59,46461,0,36000,60,1,Unemployed,Not Graduate,Single,0,Urban,No,0,13205,50820,0.33,Approved,Low Risk
28,27097,0,16000,60,0,Unemployed,Not Graduate,Single,1,Semiurban,No,2,10506,15686,0.54,Rejected,High Risk
43,28743,15267,84000,120,,Employed,Graduate,Married,3,Rural,No,0,9544,14319,0.33,Rejected,High Risk
41,21560,0,10000,12,0,Employed,Not Graduate,Single,0,Urban,No,0,5186,10269,0.27,Rejected,High Risk
31,42480,0,41000,60,1,Employed,Not Graduate,Married,3,Rural,No,0,18629,80386,0.47,Approved,Low Risk
43,32445,0,34000,180,,,Not Graduate,Single,0,Urban,No,0,14066,47023,0.5,Approved,Medium Risk
34,57486,0,20000,36,0,Employed,Graduate,Single,1,Urban,No,4,18464,16010,0.65,Rejected,High Risk
39,54445,0,18000,60,1,Employed,Not Graduate,Single,2,Urban,No,2,25794,41372,0.65,Rejected,Low Risk
49,29280,35554,29000,48,1,Employed,Not Graduate,Married,1,Rural,No,0,7574,48656,0.28,Approved,Low Risk
45,51292,42706,129000,60,0,Employed,Not Graduate,Married,1,Urban,Yes,3,11642,0,0.45,Rejected,High Risk
44,72070,0,46000,360,1,Employed,Not Graduate,Single,3,Urban,No,2,36256,0,0.65,Rejected,High Risk
31,26231,54927,41000,48,1,Employed,Graduate,Married,3,Rural,No,0,15358,24527,0.6,Approved,Low Risk
41,48183,0,26000,12,1,Employed,Graduate,Single,3,Semiurban,No,0,15340,35412,0.32,Approved,Low Risk
47,40362,21400,62000,60,1,Employed,Not Graduate,Married,1,Rural,No,1,13099,32207,0.4,Approved,Low Risk
21,45618,43323,92000,36,1,Employed,Not Graduate,Married,4,Semiurban,No,0,30260,26943,0.66,Approved,Low Risk
42,45493,0,18000,60,1,Employed,Graduate,Married,0,Urban,No,0,14699,71957,0.32,Approved,Low Risk
31,19252,0,17000,360,1,Employed,Not Graduate,Married,2,Urban,Yes,0,6903,34749,0.36,Approved,Low Risk
43,33555,20580,44000,60,1,Employed,Graduate,Married,3,Urban,No,1,16021,39395,0.58,Approved,Low Risk
33,33562,0,,84,1,Employed,Graduate,Single,2,Semiurban,No,0,20078,33790,0.62,Approved,High Risk
41,41824,0,14000,36,1,Unemployed,Graduate,Single,0,Semiurban,No,0,15059,47036,0.39,Approved,Low Risk
39,46892,43782,59000,84,1,Employed,Graduate,Married,2,Rural,No,0,20644,107393,0.46,Approved,Low Risk
46,80759,28318,172000,24,1,Unemployed,Not Graduate,Married,0,Semiurban,No,0,30672,68614,0.4,Approved,Low Risk
27,70395,0,,24,0,Employed,Graduate,Married,2,Rural,No,0,27571,13982,0.39,Rejected,High Risk
45,53465,56363,63000,36,1,Unemployed,Graduate,Married,1,Semiurban,No,0,19482,47789,0.36,Approved,Low Risk
39,102912,38749,86000,180,1,Employed,Not Graduate,Married,3,Rural,Yes,3,34601,56844,0.58,Approved,Low Risk
33,31778,0,10000,84,1,Employed,Not Graduate,Single,2,Semiurban,No,1,12597,38964,0.47,Approved,Low Risk
38,50719,0,39000,60,1,Unemployed,Not Graduate,Single,1,Rural,No,2,14620,0,0.44,Rejected,High Risk
56,27971,22357,20000,48,1,Unemployed,Graduate,Married,2,Semiurban,No,1,11071,34442,0.52,Approved,Low Risk
36,58552,24012,85000,60,1,Employed,Not Graduate,Married,,Rural,No,2,24516,35951,0.58,Approved,Medium Risk
39,41201,0,25000,60,1,Unemployed,Graduate,Single,4,Semiurban,No,0,17919,55892,0.43,Approved,Low Risk
21,127412,23685,47000,36,1,Unemployed,Graduate,Married,1,Rural,No,1,63030,150109,0.6,Rejected,Low Risk
33,82969,49375,60000,36,1,Unemployed,Graduate,Married,4,Semiurban,No,0,29921,130908,0.36,Approved,Low Risk
37,37616,0,21000,84,1,Employed,Graduate,Single,0,Rural,No,1,20805,70063,0.65,Approved,Low Risk
37,115627,0,34000,48,1,Employed,Not Graduate,Married,2,Semiurban,Yes,0,46409,64198,0.4,Approved,Low Risk
48,60323,40745,30000,48,1,Employed,Graduate,Married,1,Semiurban,Yes,0,29299,52713,0.49,Approved,Low Risk
31,55104,14099,26000,36,1,Employed,Graduate,Married,,Semiurban,No,0,29853,46566,0.54,Approved,Low Risk
31,23519,0,10000,120,0,Unemployed,Not Graduate,Single,1,Semiurban,No,2,13230,11755,0.71,Rejected,High Risk
51,35663,0,48000,36,,Employed,Not Graduate,Single,4,Rural,No,0,15806,5499,0.5,Rejected,High Risk
39,26647,101676,147000,24,1,Unemployed,Graduate,Married,0,Urban,No,3,13189,74393,0.72,Rejected,High Risk
39,51597,31175,88000,120,1,Unemployed,Graduate,Married,3,Urban,No,0,17222,32421,0.35,Approved,Low Risk
46,16568,26070,26000,12,1,Employed,Not Graduate,Married,0,Semiurban,Yes,0,7475,8623,0.45,Approved,Low Risk
28,123868,0,46000,48,1,Employed,Not Graduate,Single,2,Semiurban,No,2,64149,113997,0.68,Approved,Low Risk
29,21733,29853,15000,84,0,Employed,Not Graduate,Married,4,Urban,No,0,7617,10771,0.35,Rejected,Low Risk
41,93542,24597,98000,60,1,Employed,Graduate,Married,0,Rural,Yes,1,41978,181380,0.52,Approved,Low Risk
49,64675,0,37000,240,1,Employed,Graduate,Married,3,Semiurban,No,0,35085,36843,0.54,Approved,Low Risk
44,53235,0,50000,24,1,Employed,Graduate,Married,1,Rural,Yes,0,15429,59836,0.29,Approved,Low Risk
58,26900,0,10000,48,0,Employed,Graduate,Single,0,Semiurban,No,0,13171,5915,0.49,Approved,High Risk
46,48379,0,28000,36,1,Employed,Graduate,Single,1,Rural,No,3,15859,31407,0.55,Approved,Medium Risk
28,15115,0,10000,120,1,Employed,Graduate,Married,1,Urban,No,0,5084,5897,0.39,Approved,Low Risk
39,31072,0,40000,48,1,Employed,Not Graduate,Single,0,Semiurban,No,0,9869,42652,0.32,Approved,Low Risk
49,51956,0,41000,240,1,Employed,Graduate,Single,4,Semiurban,Yes,0,25348,0,0.49,Rejected,High Risk
34,65604,0,47000,60,1,Employed,Graduate,Single,1,Semiurban,No,0,24756,52893,0.38,Approved,Low Risk
35,60830,0,55000,120,1,Employed,Graduate,Single,0,Urban,No,0,33602,124907,0.57,Approved,Low Risk
43,71426,0,61000,180,1,Employed,Not Graduate,Single,3,Urban,No,1,33440,64756,0.58,Approved,Low Risk
34,119788,0,168000,240,0,Unemployed,Graduate,Single,4,Semiurban,No,0,65873,71865,0.58,Rejected,High Risk
41,49796,0,17000,180,,Employed,Graduate,Single,1,Semiurban,No,0,23318,43782,0.47,Approved,Low Risk
23,100303,0,32000,60,1,Unemployed,Not Graduate,Married,2,Urban,No,0,31163,138682,0.31,Approved,Low Risk
37,47990,28730,112000,36,1,Employed,Graduate,Married,3,Urban,No,0,23450,43054,0.49,Approved,Low Risk
40,51991,52929,24000,240,1,Employed,Not Graduate,Married,3,Urban,No,1,19113,95996,0.46,Approved,Low Risk
33,54889,36188,92000,36,,Employed,Graduate,Married,3,Semiurban,No,0,19406,23747,0.36,Approved,Medium Risk
46,32078,15923,55000,360,1,Employed,Not Graduate,Married,1,Urban,No,1,10647,19017,0.41,Approved,Low Risk
45,44655,0,23000,12,1,Employed,Not Graduate,Married,3,Urban,No,0,15616,28347,0.43,Approved,Low Risk
34,69221,0,32000,60,1,Employed,Graduate,Married,0,Urban,No,0,33288,109997,0.48,Approved,Low Risk
36,71837,0,51000,180,1,Employed,Graduate,Single,1,Semiurban,Yes,0,34151,136487,0.51,Approved,Low Risk
53,109412,0,37000,120,1,Employed,Graduate,Married,1,Urban,No,1,21700,102306,0.28,Approved,Low Risk
41,23083,0,16000,36,1,Employed,Graduate,Married,4,Semiurban,No,0,9570,7695,0.42,Approved,Low Risk
27,45984,0,29000,240,0,Employed,Not Graduate,Married,3,Rural,No,2,19442,21228,0.6,Rejected,High Risk
38,137020,11406,98000,48,1,Employed,Graduate,Married,0,Semiurban,Yes,0,38762,113385,0.31,Approved,Low Risk
29,75087,0,29000,60,1,Employed,Graduate,Single,1,Rural,No,0,39871,152000,0.53,Approved,Low Risk
34,31079,0,17000,120,1,Employed,Graduate,Married,2,Urban,No,0,11837,17879,0.43,Approved,Low Risk
33,28258,13807,27000,36,1,Unemployed,Not Graduate,Married,4,Urban,No,1,9921,35568,0.43,Approved,Low Risk
56,65772,27612,24000,360,0,Employed,Not Graduate,Married,4,Semiurban,No,0,22725,37584,0.35,Approved,Low Risk
53,63754,0,25000,60,1,Employed,Graduate,Married,0,Semiurban,No,0,20239,41033,0.32,Approved,Low Risk
38,41064,37083,110000,60,1,Employed,Graduate,Married,4,Semiurban,No,0,14377,38733,0.38,Approved,Low Risk
44,40741,0,15000,60,1,Unemployed,Not Graduate,Single,3,Rural,No,0,18069,75710,0.47,Approved,Low Risk
45,25255,21447,60000,60,1,Employed,Not Graduate,Married,0,Urban,Yes,2,6465,52005,0.44,Approved,Medium Risk
40,45489,21140,43000,24,1,Employed,Graduate,Married,0,Semiurban,No,0,20775,61722,0.48,Approved,Low Risk
39,48572,50232,84000,120,0,Employed,Graduate,Married,4,Urban,No,2,28636,13461,0.76,Rejected,High Risk
45,79093,0,26000,36,1,Employed,Not Graduate,Single,2,Rural,Yes,0,25238,61564,0.32,Approved,Low Risk
32,70870,0,34000,36,1,Employed,Not Graduate,Married,2,Semiurban,No,1,26500,22027,0.46,Approved,Low Risk
49,62541,31088,,180,1,Employed,Graduate,Married,3,Semiurban,No,0,34678,68765,0.58,Approved,Low Risk
45,86634,0,80000,240,1,Employed,Not Graduate,Single,2,Rural,Yes,4,31164,113010,0.7,Rejected,High Risk
37,114028,21533,48000,48,,Employed,Graduate,Married,4,Semiurban,No,0,50754,52686,0.45,Approved,Low Risk
34,28830,28399,38000,24,1,Unemployed,Graduate,Married,0,Semiurban,No,0,12557,48324,0.44,Approved,Low Risk
42,51154,21856,73000,48,,Employed,Graduate,Married,0,Rural,No,0,11577,39887,0.24,Approved,Low Risk
46,55784,0,47000,60,1,Unemployed,Not Graduate,Single,4,Semiurban,No,2,16789,48500,0.46,Approved,Low Risk
33,35830,0,19000,36,1,Employed,Graduate,Single,0,Semiurban,No,1,14436,56970,0.54,Approved,Low Risk
56,47283,0,14000,60,1,Employed,Graduate,Single,0,Rural,No,0,16967,35060,0.36,Approved,Low Risk
27,46598,0,32000,24,1,Unemployed,Graduate,Single,1,Semiurban,No,1,26328,49933,0.64,Approved,Medium Risk
46,35668,0,40000,60,1,Employed,Graduate,Married,0,Semiurban,No,0,14854,61310,0.45,Approved,Low Risk
27,20094,0,11000,24,1,Unemployed,Graduate,Single,0,Urban,No,1,5915,18720,0.37,Rejected,Low Risk
36,34258,50985,111000,60,1,Unemployed,Not Graduate,Married,2,Urban,No,0,15763,11930,0.46,Approved,Low Risk
44,102739,0,74000,36,1,Employed,Graduate,Single,0,Semiurban,No,0,41095,192961,0.4,Approved,Low Risk
27,37384,44738,37000,120,1,Unemployed,Not Graduate,Married,0,Urban,No,0,12284,25574,0.35,Approved,Low Risk
22,63542,23791,69000,360,,Employed,Graduate,Married,3,Urban,No,0,26345,97538,0.41,Approved,Low Risk
33,51472,0,30000,36,1,Employed,Not Graduate,Married,4,Rural,No,0,34166,74088,0.66,Approved,Low Risk
33,22544,43177,46000,60,0,Unemployed,Graduate,Married,3,Semiurban,No,2,9201,7388,0.56,Rejected,High Risk
52,60304,85202,173000,36,1,Employed,Not Graduate,Married,1,Semiurban,No,0,17390,114311,0.31,Approved,Low Risk
23,65740,0,19000,12,,Unemployed,Not Graduate,Single,4,Urban,No,0,31968,130568,0.5,Approved,Low Risk
31,36413,0,23000,240,1,Employed,Not Graduate,Single,2,Semiurban,Yes,0,12332,37716,0.36,Approved,Low Risk
26,63086,21024,23000,180,1,Unemployed,Graduate,Married,3,Urban,No,1,33097,37834,0.63,Approved,Low Risk
39,45880,0,12000,36,0,Employed,Not Graduate,Single,1,Semiurban,No,2,24100,29217,0.68,Rejected,High Risk
35,54093,0,38000,240,0,Employed,Not Graduate,Married,4,Urban,No,0,26365,15069,0.49,Approved,High Risk
52,33929,0,18000,60,1,,Graduate,Single,1,Semiurban,No,0,11472,31241,0.34,Rejected,Low Risk
34,78871,0,40000,60,1,Unemployed,Graduate,Married,1,Rural,No,0,37169,97906,0.48,Approved,Low Risk
36,42414,15833,115000,360,1,Employed,Not Graduate,Married,2,Rural,Yes,0,15470,49270,0.36,Approved,Low Risk
34,81070,0,50000,60,1,Employed,Not Graduate,Married,3,Semiurban,No,0,32400,200926,0.45,Approved,Low Risk
21,45960,31610,95000,60,1,Employed,Graduate,Married,2,Rural,No,0,18707,80959,0.41,Rejected,Low Risk
30,28548,0,11000,60,1,Employed,Not Graduate,Single,0,Semiurban,No,2,6068,0,0.36,Rejected,High Risk
36,51731,36789,163000,60,1,Employed,Not Graduate,Married,1,Rural,No,0,17522,52263,0.34,Approved,Low Risk
49,75304,36643,35000,360,1,Employed,Not Graduate,Married,1,Semiurban,No,1,30621,179529,0.52,Approved,Low Risk
44,37798,44857,98000,60,1,Unemployed,Not Graduate,Married,0,Semiurban,No,1,15838,32405,0.5,Rejected,Medium Risk
45,32335,28561,47000,36,,Employed,Not Graduate,Married,1,Urban,No,0,11112,71507,0.37,Approved,Low Risk
36,58153,0,24000,36,1,Unemployed,Not Graduate,Single,2,Semiurban,No,0,26447,137332,0.54,Approved,Low Risk
46,40351,56155,26000,120,1,Unemployed,Graduate,Married,1,Semiurban,No,0,13065,39137,0.34,Approved,Low Risk
42,54231,17400,51000,36,1,Employed,Graduate,Married,0,Rural,Yes,0,19840,59833,0.37,Approved,Low Risk
52,32291,24675,27000,120,1,Unemployed,Not Graduate,Married,0,Urban,No,0,11920,34421,0.37,Approved,Low Risk
29,72951,0,39000,12,,Unemployed,Graduate,Married,0,Urban,No,0,23189,69861,0.32,Approved,Low Risk
33,25019,0,24000,120,0,Employed,Not Graduate,Single,2,Semiurban,No,2,17654,5868,0.86,Rejected,High Risk
39,30790,23083,94000,240,1,Employed,Graduate,Married,4,Urban,No,0,15496,47025,0.5,Approved,Low Risk
34,68146,28332,113000,360,0,Unemployed,Graduate,Married,0,Urban,No,0,22057,15937,0.32,Rejected,High Risk
41,34774,52296,97000,36,,Employed,Not Graduate,Married,4,Urban,No,1,17153,0,0.62,Rejected,High Risk
30,80629,49721,36000,120,1,Employed,Graduate,Married,4,Urban,No,3,24952,143205,0.53,Approved,Low Risk
40,42220,0,35000,60,1,Employed,Graduate,Single,1,Urban,No,4,14364,61456,0.66,Approved,Medium Risk
43,109179,0,30000,48,1,Unemployed,Graduate,Married,2,Rural,No,2,49297,154972,0.61,Rejected,Low Risk
42,30996,0,43000,180,1,Unemployed,Graduate,Single,4,Urban,No,0,14961,25788,0.5,Rejected,Medium Risk
37,60401,0,61000,24,0,Unemployed,Not Graduate,Single,1,Urban,No,0,22050,27136,0.37,Rejected,High Risk
34,57101,0,73000,60,1,Employed,Graduate,Married,1,Urban,No,1,28125,83888,0.57,Rejected,Low Risk
38,112587,0,140000,84,0,Employed,Graduate,Single,2,Semiurban,No,0,54939,27499,0.5,Rejected,High Risk
29,85819,0,102000,240,,Employed,Graduate,Married,1,Urban,No,0,33130,76723,0.44,Approved,Low Risk
46,112535,0,122000,360,1,Employed,Graduate,Married,1,Urban,No,0,63156,109299,0.57,Approved,Low Risk
50,55605,0,43000,240,1,Employed,Not Graduate,Married,2,Rural,No,0,17931,88603,0.35,Approved,Low Risk
47,58756,0,61000,36,1,Employed,Not Graduate,Married,0,Urban,Yes,0,19369,60183,0.33,Approved,Low Risk
31,79027,0,43000,48,1,Employed,Not Graduate,Single,3,Semiurban,No,0,32321,47497,0.42,Approved,Low Risk
32,33479,0,44000,180,1,Employed,Not Graduate,Single,1,Urban,No,0,10365,55825,0.31,Approved,Low Risk
45,26815,0,42000,180,1,Employed,Graduate,Married,0,Rural,No,2,6500,30427,0.42,Approved,High Risk
50,25716,0,,36,1,Employed,Graduate,Married,0,Urban,No,2,9274,25197,0.54,Rejected,Medium Risk
36,45292,0,41000,48,,Employed,Not Graduate,Single,0,Semiurban,Yes,0,17154,81497,0.38,Rejected,Low Risk
42,57702,40986,64000,36,1,Unemployed,Graduate,Married,3,Urban,No,1,21313,47718,0.44,Approved,Low Risk
40,22726,0,15000,60,1,Employed,Not Graduate,Single,0,Semiurban,No,1,5832,29126,0.36,Approved,Low Risk
27,30796,0,24000,240,1,Employed,Graduate,Single,0,Rural,No,0,8016,28445,0.26,Approved,Low Risk
41,45889,87953,112000,60,1,Employed,Not Graduate,Married,,Rural,No,1,17478,58978,0.49,Approved,Low Risk
36,31919,0,33000,36,1,Employed,Not Graduate,Single,2,Rural,No,1,14043,44380,0.51,Rejected,High Risk
44,34762,34388,44000,60,0,Unemployed,Not Graduate,Married,1,Rural,No,0,15720,19761,0.45,Rejected,High Risk
41,24333,46784,37000,120,1,Employed,Graduate,Married,1,Urban,No,1,11519,0,0.6,Rejected,High Risk
24,52352,0,63000,12,0,Employed,Not Graduate,Married,3,Rural,No,1,28426,29637,0.62,Rejected,High Risk
40,49832,16516,41000,120,0,Unemployed,Not Graduate,Married,3,Urban,No,0,23564,30786,0.55,Rejected,High Risk
34,59059,7245,36000,48,1,Employed,Not Graduate,Married,1,Urban,No,1,20349,27804,0.42,Approved,Low Risk
34,46654,51018,145000,36,1,Unemployed,Graduate,Married,3,Urban,No,0,15757,48353,0.34,Approved,Low Risk
38,68378,0,,36,1,Employed,Graduate,Single,,Rural,No,0,32077,71670,0.5,Approved,Low Risk
43,21187,48210,48000,60,1,Employed,Graduate,Married,1,Urban,No,0,7390,14232,0.37,Approved,Low Risk
59,26408,0,15000,60,1,Unemployed,Not Graduate,Single,1,Semiurban,No,1,13329,26607,0.6,Rejected,High Risk
40,28601,0,16000,36,1,Employed,Not Graduate,Single,2,Rural,Yes,1,8537,52186,0.39,Rejected,Low Risk
33,25020,0,14000,48,1,Employed,Not Graduate,Married,1,Semiurban,No,0,9249,34503,0.39,Approved,Low Risk
40,31211,20939,24000,180,1,Unemployed,Graduate,Married,3,Urban,No,3,15877,42427,0.73,Approved,Medium Risk
30,42055,0,44000,60,,Employed,Graduate,Single,4,Rural,No,1,20243,0,0.56,Rejected,High Risk
48,42353,0,10000,240,1,Employed,Graduate,Married,4,Rural,Yes,0,17334,45082,0.43,Approved,Low Risk
38,39065,0,35000,36,1,Employed,Graduate,Married,2,Semiurban,No,0,18633,76135,0.5,Approved,Low Risk
48,58314,49001,65000,60,1,Unemployed,Graduate,Married,0,Urban,No,1,21292,81257,0.44,Approved,Low Risk
46,28206,0,16000,60,1,Unemployed,Graduate,Single,1,Rural,No,1,10168,14015,0.45,Approved,Medium Risk
46,58310,0,32000,180,1,Employed,Not Graduate,Single,3,Semiurban,No,1,22857,77463,0.5,Approved,Low Risk
31,25057,0,12000,48,1,,Graduate,Single,0,Urban,No,1,8610,54275,0.46,Approved,Low Risk
33,48429,23090,41000,24,1,Employed,Not Graduate,Married,0,Semiurban,No,1,18339,41410,0.49,Approved,Low Risk
21,67822,0,39000,36,,Employed,Graduate,Single,3,Urban,Yes,0,28121,53536,0.46,Approved,Low Risk
56,78545,0,49000,84,1,Employed,Not Graduate,Married,3,Rural,No,0,30144,74086,0.4,Approved,Low Risk
21,34080,38365,37000,60,1,Employed,Graduate,Married,1,Semiurban,No,0,17383,59009,0.52,Rejected,Low Risk
27,32684,0,21000,120,1,Employed,Graduate,Married,4,Semiurban,Yes,1,13841,25927,0.51,Rejected,Low Risk
37,113755,0,64000,36,1,Employed,Graduate,Married,0,Rural,Yes,3,34239,86448,0.53,Approved,Low Risk
32,55080,62055,,60,1,Employed,Not Graduate,Married,2,Semiurban,No,0,23041,53498,0.45,Approved,Low Risk
36,34806,36821,87000,36,1,Employed,Not Graduate,Married,3,Urban,No,0,15803,25708,0.46,Approved,Low Risk
42,50529,0,49000,48,1,Employed,Graduate,Single,0,Urban,Yes,0,23753,102471,0.5,Approved,Low Risk
27,107617,0,,60,1,Employed,Graduate,Married,1,Urban,No,0,37691,88931,0.39,Approved,Low Risk
35,55722,0,57000,60,1,Employed,Not Graduate,Married,0,Semiurban,No,0,18365,57163,0.33,Approved,Low Risk
21,40255,0,36000,48,0,Employed,Graduate,Single,4,Urban,Yes,0,17679,6605,0.45,Rejected,High Risk
30,58204,0,21000,84,1,Employed,Graduate,Single,1,Rural,No,0,21061,80593,0.4,Approved,Low Risk
43,51522,14428,20000,180,1,Employed,Not Graduate,Married,0,Urban,No,2,19626,0,0.53,Rejected,High Risk
58,43688,16568,40000,48,,Employed,Not Graduate,Married,1,Urban,No,0,11660,24322,0.3,Approved,Low Risk
45,29688,0,55000,48,1,Unemployed,Graduate,Married,0,Urban,No,0,9265,28105,0.31,Rejected,Medium Risk
22,38282,16146,53000,48,1,Employed,Not Graduate,Married,3,Urban,No,0,20259,13603,0.53,Rejected,Medium Risk
47,62336,48445,79000,84,1,Employed,Graduate,Married,3,Urban,No,1,26193,51824,0.5,Approved,Low Risk
31,40498,0,26000,60,0,Employed,Graduate,Single,3,Rural,No,2,18052,6530,0.6,Rejected,High Risk
47,65307,20041,,48,1,,Graduate,Married,1,Urban,No,1,26258,84875,0.48,Approved,Low Risk
49,30768,37049,81000,24,1,Employed,Graduate,Married,0,Urban,No,0,7846,14892,0.27,Approved,Low Risk
47,48286,0,19000,36,1,Unemployed,Graduate,Married,0,Rural,No,0,17978,49642,0.37,Approved,Low Risk
46,43762,60234,123000,360,0,Employed,Not Graduate,Married,0,Semiurban,No,2,16257,0,0.54,Rejected,High Risk
40,60643,0,35000,120,1,Employed,Graduate,Single,3,Rural,No,1,20963,43279,0.46,Approved,Low Risk
38,83060,0,78000,84,1,Employed,Graduate,Single,2,Urban,Yes,0,28145,36202,0.36,Approved,Low Risk
45,57687,0,104000,120,1,Employed,Graduate,Married,3,Rural,No,0,27772,49906,0.48,Approved,Low Risk
29,59945,18976,43000,240,0,Unemployed,Graduate,Married,0,Urban,No,3,32439,12835,0.82,Rejected,High Risk
33,61127,0,48000,60,1,Employed,Graduate,Married,4,Urban,No,0,24439,78512,0.41,Approved,Low Risk
35,56294,0,32000,24,0,Unemployed,Not Graduate,Single,1,Rural,No,0,28452,12424,0.53,Rejected,High Risk
44,89743,18037,63000,360,0,Unemployed,Not Graduate,Married,1,Rural,No,0,30604,38830,0.34,Approved,Medium Risk
36,60935,0,41000,180,1,Employed,Graduate,Single,0,Urban,Yes,0,26198,0,0.46,Rejected,Medium Risk
40,24643,0,13000,36,1,Employed,Graduate,Single,0,Semiurban,Yes,0,9448,50871,0.4,Approved,Low Risk
43,70558,0,36000,36,1,Employed,Graduate,Married,3,Urban,No,0,27727,0,0.4,Rejected,Medium Risk
37,58853,20319,87000,48,1,Employed,Not Graduate,Married,0,Urban,Yes,2,26190,71822,0.6,Rejected,Medium Risk
39,26397,0,30000,36,1,Employed,Not Graduate,Married,4,Urban,No,0,17199,0,0.65,Rejected,High Risk
50,95460,0,75000,240,1,Employed,Graduate,Single,1,Urban,No,0,31872,78953,0.33,Approved,Low Risk
32,45869,14534,10000,36,1,,Graduate,Married,0,Urban,No,0,16109,36116,0.38,Approved,Low Risk
31,32692,0,34000,120,1,Employed,Graduate,Single,0,Urban,Yes,2,11242,43750,0.5,Rejected,Medium Risk
53,39134,0,32000,24,1,Unemployed,Graduate,Single,0,Urban,No,0,12460,114652,0.32,Approved,Low Risk
49,52954,28970,74000,36,1,Employed,Graduate,Married,0,Urban,Yes,0,22276,100552,0.42,Approved,Low Risk
54,76379,0,22000,36,1,Employed,Graduate,Single,1,Semiurban,No,2,27956,39767,0.58,Approved,Low Risk
46,46170,0,18000,120,,Employed,Graduate,Married,1,Urban,No,2,20800,75511,0.65,Approved,Low Risk
27,53367,18940,74000,240,1,Employed,Graduate,Married,2,Semiurban,No,1,20125,73885,0.45,Approved,Low Risk
48,34870,0,23000,12,1,Unemployed,Graduate,Single,1,Urban,No,0,16902,62910,0.48,Approved,Low Risk
43,97303,29066,49000,60,,Employed,Graduate,Married,1,Semiurban,No,0,27993,53532,0.29,Approved,Low Risk
41,38634,0,13000,60,1,Employed,Graduate,Married,4,Rural,Yes,1,23041,69117,0.67,Approved,Low Risk
28,52452,0,,60,1,Employed,Graduate,Single,0,Semiurban,No,0,21836,50099,0.44,Approved,Low Risk
45,50942,0,,12,1,Employed,Not Graduate,Single,2,Urban,Yes,1,32872,62613,0.76,Rejected,Medium Risk
44,69179,0,40000,84,1,Employed,Graduate,Single,4,Rural,No,0,25735,75753,0.38,Approved,Low Risk
32,60717,0,60000,48,1,Unemployed,Graduate,Married,1,Semiurban,No,1,23773,134139,0.47,Rejected,Low Risk
35,108933,0,103000,360,1,Unemployed,Not Graduate,Single,0,Semiurban,No,0,41626,77860,0.38,Approved,Low Risk
42,56246,0,47000,240,1,Unemployed,Not Graduate,Single,1,Semiurban,No,1,21835,95893,0.46,Approved,Low Risk
30,43388,18368,10000,60,1,Employed,Not Graduate,Married,0,Rural,No,0,17779,100655,0.41,Approved,Low Risk
47,25951,36554,,240,1,Employed,Graduate,Married,0,Rural,No,0,5443,66796,0.22,Approved,Low Risk
36,26963,0,36000,240,1,Employed,Not Graduate,Single,0,Rural,No,0,12006,47223,0.45,Approved,Medium Risk
41,131100,0,47000,36,1,,Not Graduate,Married,2,Urban,No,0,81574,173021,0.66,Approved,Low Risk
39,23184,38670,33000,180,,Employed,Not Graduate,Married,2,Semiurban,No,0,13991,31978,0.6,Approved,Low Risk
55,49287,0,26000,84,1,Employed,Not Graduate,Single,0,Semiurban,No,0,24965,40469,0.51,Rejected,Low Risk
48,25984,0,40000,36,1,Employed,Graduate,Married,2,Semiurban,No,0,8948,22014,0.35,Approved,Low Risk
32,45888,0,16000,180,1,Employed,Not Graduate,Single,2,Urban,Yes,1,25855,24188,0.64,Approved,Low Risk
31,78783,0,99000,12,1,Employed,Not Graduate,Single,2,Urban,No,2,36138,57446,0.61,Approved,Medium Risk
39,49080,13994,38000,60,1,Employed,Not Graduate,Married,1,Urban,No,2,16353,30459,0.48,Approved,Low Risk
31,73840,0,71000,180,1,Employed,Graduate,Single,1,Semiurban,Yes,2,23191,123167,0.46,Approved,Low Risk
31,28056,39114,71000,60,0,Employed,Graduate,Married,3,Rural,No,0,12973,11841,0.46,Rejected,High Risk
44,35409,0,14000,12,0,Employed,Graduate,Single,1,Rural,No,1,12545,22877,0.43,Approved,High Risk
32,39909,26046,41000,84,0,Employed,Graduate,Married,2,Urban,No,3,15932,8593,0.64,Rejected,High Risk
28,70595,0,119000,24,,Unemployed,Graduate,Married,0,Urban,No,0,31056,61852,0.48,Rejected,Low Risk
33,31084,0,53000,360,1,Employed,Graduate,Single,3,Urban,No,0,15647,72942,0.51,Approved,Medium Risk
50,51825,0,40000,36,1,Unemployed,Graduate,Single,2,Semiurban,No,0,24286,53891,0.47,Approved,Low Risk
32,15000,0,10000,48,1,Employed,Graduate,Single,1,Urban,No,0,4375,31151,0.29,Approved,Low Risk
36,57472,0,25000,84,1,Employed,Graduate,Married,4,Urban,No,1,25925,91415,0.53,Approved,Low Risk
54,52802,0,57000,48,1,Employed,Graduate,Single,1,Rural,No,0,32975,63216,0.63,Rejected,Medium Risk
40,82519,36347,40000,12,1,Employed,Not Graduate,Married,3,Urban,No,2,49215,100448,0.75,Approved,Low Risk
47,95769,17697,60000,84,1,Employed,Not Graduate,Married,4,Semiurban,No,2,44820,113706,0.62,Approved,Low Risk
32,41238,44645,79000,48,,Employed,Graduate,Married,3,Urban,Yes,0,19473,88498,0.48,Approved,Low Risk
43,40119,0,11000,36,,Employed,Not Graduate,Married,4,Urban,No,0,21461,43839,0.55,Approved,Low Risk
39,105053,38878,111000,24,1,Employed,Not Graduate,Married,0,Rural,No,3,32015,134337,0.56,Approved,Low Risk
29,58645,14846,52000,240,,Employed,Not Graduate,Married,1,Rural,No,0,20224,26439,0.34,Approved,Low Risk
42,50883,37890,118000,120,1,Unemployed,Graduate,Married,0,Semiurban,No,0,16223,66744,0.32,Approved,Low Risk
28,30427,0,35000,84,1,Employed,Graduate,Married,0,Semiurban,No,0,11319,73604,0.38,Approved,Low Risk
31,94314,0,65000,36,0,Employed,Graduate,Single,3,Urban,No,0,51019,41339,0.58,Rejected,High Risk
29,79638,0,46000,240,1,Employed,Not Graduate,Single,2,Rural,No,0,50951,144855,0.66,Approved,Low Risk
48,23030,0,,36,1,Unemployed,Not Graduate,Single,4,Rural,No,0,9235,35196,0.4,Rejected,Low Risk
38,105097,0,,84,1,Employed,Graduate,Single,0,Urban,Yes,0,47512,92439,0.45,Approved,Low Risk
40,54334,53967,77000,12,1,Employed,Not Graduate,Married,,Rural,No,0,20278,91962,0.37,Approved,Low Risk
42,71713,30907,,36,1,Employed,Not Graduate,Married,0,Rural,No,0,34216,104532,0.48,Approved,Low Risk
33,56464,50452,112000,12,,Employed,Not Graduate,Married,1,Rural,No,1,15598,76649,0.35,Approved,Low Risk
30,68338,0,89000,48,1,Employed,Graduate,Single,2,Rural,No,0,27503,0,0.4,Approved,High Risk
33,32021,23283,67000,36,,Employed,Not Graduate,Married,2,Urban,No,0,12277,15151,0.4,Approved,Low Risk
46,55636,40165,43000,120,1,Employed,Graduate,Married,2,Semiurban,No,0,26975,67962,0.48,Approved,Low Risk
44,45709,17802,50000,12,1,Employed,Not Graduate,Married,1,Semiurban,No,1,21086,38903,0.54,Approved,Low Risk
34,75027,54647,167000,60,1,Employed,Not Graduate,Married,0,Semiurban,No,0,36030,112846,0.49,Approved,Low Risk
26,36314,0,11000,24,1,Employed,Graduate,Married,0,Urban,No,1,10522,53156,0.37,Approved,Low Risk
44,34053,0,37000,36,1,Employed,Not Graduate,Single,0,Urban,No,0,15749,43301,0.46,Rejected,Low Risk
34,45155,0,63000,36,1,Employed,Not Graduate,Married,3,Semiurban,No,0,29572,57894,0.72,Approved,High Risk
35,29613,0,16000,36,1,Employed,Not Graduate,Single,1,Rural,No,0,11771,56432,0.41,Approved,Low Risk
41,37092,41814,97000,84,1,Employed,Graduate,Married,0,Rural,Yes,0,15658,49453,0.42,Approved,Low Risk
27,53490,0,28000,36,1,Employed,Graduate,Married,4,Rural,No,2,24882,36460,0.64,Approved,Low Risk
41,99843,0,17000,24,1,Employed,Graduate,Single,4,Rural,Yes,1,45518,168188,0.56,Approved,Low Risk
42,31076,0,33000,120,1,Employed,Not Graduate,Married,3,Urban,No,0,13699,39887,0.44,Approved,Low Risk
43,31794,0,43000,36,1,Unemployed,Graduate,Married,0,Urban,No,3,11091,34243,0.6,Rejected,High Risk
29,48014,0,80000,240,0,Unemployed,Not Graduate,Single,1,Urban,No,1,22312,14918,0.57,Rejected,High Risk
27,40719,19389,28000,240,1,Employed,Graduate,Married,0,Urban,No,0,15662,0,0.39,Rejected,Medium Risk
27,36791,0,46000,180,1,,Not Graduate,Single,3,Rural,Yes,1,15965,30374,0.51,Rejected,High Risk
41,51090,0,,84,1,Employed,Not Graduate,Married,4,Semiurban,No,0,28180,93758,0.55,Approved,Low Risk
59,22761,0,31000,60,0,Employed,Not Graduate,Married,1,Rural,No,0,6172,13455,0.32,Rejected,High Risk
43,70422,0,43000,60,1,Employed,Graduate,Married,,Rural,No,0,28378,115242,0.42,Approved,Low Risk
42,38292,31103,65000,36,1,Employed,Not Graduate,Married,1,Rural,Yes,0,19115,72829,0.5,Rejected,Low Risk
46,27430,26460,23000,48,1,Employed,Not Graduate,Married,0,Semiurban,No,1,11008,30243,0.48,Approved,Low Risk
40,48018,0,13000,180,1,Employed,Not Graduate,Single,0,Urban,No,0,22083,98776,0.51,Approved,Low Risk
21,78986,31696,61000,180,1,Employed,Not Graduate,Married,1,Rural,No,1,48222,111084,0.69,Approved,Low Risk
30,50196,0,74000,36,1,Unemployed,Not Graduate,Single,4,Rural,No,3,18610,40796,0.6,Rejected,High Risk
21,43357,0,26000,120,1,Employed,Not Graduate,Single,0,Urban,Yes,0,10364,50455,0.24,Approved,Low Risk
56,55090,19880,35000,60,0,Employed,Not Graduate,Married,1,Semiurban,No,0,26629,0,0.49,Rejected,High Risk
47,47533,0,32000,60,,Employed,Graduate,Single,3,Rural,No,2,24524,10873,0.68,Rejected,High Risk
41,15000,21694,12000,60,1,Unemployed,Graduate,Married,0,Rural,No,0,7791,13131,0.55,Rejected,Low Risk
39,52498,0,77000,240,1,Employed,Graduate,Single,4,Semiurban,Yes,0,23570,0,0.46,Rejected,High Risk
41,52683,21802,29000,180,1,Unemployed,Graduate,Married,3,Urban,No,0,18082,56430,0.34,Approved,Low Risk
28,67707,26449,88000,240,0,,Graduate,Married,2,Semiurban,No,0,38657,18350,0.59,Rejected,High Risk
39,56233,0,36000,24,1,Employed,Graduate,Single,1,Urban,Yes,1,32302,30465,0.65,Approved,Low Risk
36,35868,21472,13000,120,1,Employed,Graduate,Married,1,Semiurban,No,1,15576,39979,0.53,Approved,Low Risk
39,29302,0,10000,120,1,Employed,Not Graduate,Married,4,Urban,No,0,13884,39847,0.47,Approved,Low Risk
49,61689,0,34000,12,1,Employed,Not Graduate,Single,0,Rural,No,0,18525,52958,0.3,Approved,Low Risk
48,64146,0,63000,84,1,Employed,Graduate,Married,1,Semiurban,No,0,19905,71524,0.31,Approved,Low Risk
51,77136,32493,87000,180,1,Employed,Not Graduate,Married,1,Semiurban,No,0,20330,148725,0.32,Approved,Low Risk
65,43815,0,47000,60,1,Employed,Graduate,Single,4,Semiurban,No,0,27978,28963,0.67,Approved,High Risk
40,45765,0,57000,36,1,,Not Graduate,Single,1,Semiurban,No,0,17081,56116,0.37,Approved,Medium Risk
32,32996,30774,37000,60,1,Employed,Not Graduate,Married,0,Semiurban,No,0,13030,33645,0.43,Approved,Low Risk
54,37888,34221,70000,60,1,Employed,Graduate,Married,1,Urban,No,0,13580,40956,0.37,Approved,Low Risk
43,118618,22183,81000,360,1,Unemployed,Not Graduate,Married,2,Rural,No,4,57466,133010,0.78,Rejected,Medium Risk
38,99982,0,171000,84,0,Employed,Not Graduate,Single,2,Urban,Yes,1,34409,35399,0.42,Rejected,High Risk
35,58761,33919,70000,24,1,Employed,Graduate,Married,0,Urban,Yes,0,26967,49878,0.46,Approved,Low Risk
27,42600,43914,55000,120,1,Employed,Graduate,Married,2,Urban,No,2,20218,89429,0.68,Approved,Low Risk
38,66977,0,79000,60,0,Employed,Not Graduate,Married,4,Urban,No,0,29794,12025,0.44,Rejected,High Risk
37,41801,17379,26000,120,1,Unemployed,Graduate,Married,2,Urban,No,0,16674,52247,0.4,Approved,Low Risk
36,26535,15012,32000,180,1,Employed,Graduate,Married,4,Urban,Yes,3,12592,18387,0.7,Approved,High Risk
25,34836,0,39000,36,,Unemployed,Graduate,Married,1,Semiurban,No,0,17201,58286,0.53,Rejected,High Risk
43,43776,0,35000,60,1,Unemployed,Graduate,Single,0,Rural,No,1,15038,37083,0.43,Approved,Low Risk
22,38551,20490,,60,,,Not Graduate,Married,4,Urban,No,0,14028,55118,0.41,Approved,Low Risk
39,26430,46753,100000,60,,Employed,Not Graduate,Married,2,Urban,No,1,6099,20347,0.31,Approved,Low Risk
41,44051,0,,48,1,Employed,Not Graduate,Single,3,Rural,No,1,18818,59277,0.52,Approved,Low Risk
22,51474,34177,85000,120,1,Employed,Not Graduate,Married,3,Semiurban,No,2,20031,62588,0.56,Approved,Medium Risk
51,54444,0,63000,180,1,Unemployed,Graduate,Single,4,Urban,No,0,25080,65076,0.55,Rejected,High Risk
49,31067,0,21000,84,,Employed,Graduate,Married,2,Rural,Yes,1,10933,34793,0.43,Rejected,Low Risk
27,53613,0,34000,60,0,Employed,Graduate,Single,3,Semiurban,Yes,2,20922,28532,0.55,Rejected,High Risk
41,44777,0,20000,60,1,Employed,Not Graduate,Single,0,Urban,No,1,15576,40310,0.46,Approved,Low Risk
37,31418,13275,39000,240,1,Employed,Not Graduate,Married,2,Urban,No,1,12409,48891,0.47,Approved,Low Risk
39,99170,42850,156000,36,1,Unemployed,Graduate,Married,1,Semiurban,No,1,30453,63599,0.38,Approved,Low Risk
30,89968,10915,30000,36,1,Employed,Not Graduate,Married,1,Rural,Yes,0,53534,162883,0.6,Approved,Low Risk
46,70902,0,82000,60,1,Employed,Not Graduate,Married,1,Urban,Yes,0,13735,172715,0.2,Approved,Low Risk
36,25967,0,19000,36,1,Unemployed,Graduate,Married,0,Urban,No,0,7267,24304,0.28,Approved,Low Risk
36,56598,0,57000,60,1,Employed,Graduate,Single,2,Semiurban,No,0,27387,41955,0.48,Approved,Low Risk
41,25331,40179,30000,48,0,Employed,Not Graduate,Married,4,Semiurban,Yes,2,11587,15325,0.62,Rejected,High Risk
26,30722,15755,42000,84,1,Employed,Not Graduate,Married,4,Semiurban,No,1,16444,65735,0.62,Approved,Medium Risk
31,46619,31133,40000,180,1,Unemployed,Not Graduate,Married,2,Urban,No,2,19705,25956,0.59,Rejected,Medium Risk
51,38619,17403,72000,60,1,Unemployed,Not Graduate,Married,2,Urban,No,0,15357,30760,0.44,Rejected,Low Risk
38,58322,0,48000,120,1,Unemployed,Graduate,Single,1,Urban,No,1,15161,54558,0.33,Approved,Low Risk
40,88451,24494,184000,60,,Employed,Graduate,Married,2,Rural,No,3,31524,0,0.58,Rejected,High Risk
38,39545,0,42000,12,,Employed,Not Graduate,Married,0,Semiurban,Yes,4,16492,32386,0.72,Rejected,High Risk
42,36774,0,15000,24,1,Unemployed,Not Graduate,Single,1,Semiurban,No,3,16074,76398,0.69,Rejected,High Risk
36,141719,26791,185000,60,1,Employed,Graduate,Married,0,Semiurban,No,1,46955,74632,0.41,Approved,Low Risk
46,34418,20771,14000,60,1,Employed,Graduate,Married,0,Rural,No,2,7382,27949,0.36,Approved,Low Risk
34,80521,34865,104000,360,1,Unemployed,Graduate,Married,4,Urban,No,1,33632,183267,0.49,Approved,Low Risk
40,50562,17394,75000,180,0,Employed,Graduate,Married,4,Rural,No,0,25350,13813,0.51,Rejected,High Risk
43,33711,0,,36,1,Unemployed,Not Graduate,Married,1,Semiurban,No,0,16854,26964,0.51,Rejected,Medium Risk
31,54676,0,17000,36,0,Employed,Graduate,Married,3,Urban,No,1,29890,35064,0.63,Approved,High Risk
33,31664,25146,72000,120,,Employed,Graduate,Married,4,Urban,No,0,15490,14774,0.49,Approved,Low Risk
23,80867,0,103000,48,1,Employed,Graduate,Single,4,Urban,Yes,3,40323,165585,0.74,Rejected,High Risk
34,53210,13145,53000,84,0,Unemployed,Not Graduate,Married,2,Rural,No,0,23919,29169,0.45,Rejected,High Risk
52,55305,15629,38000,60,1,Employed,Not Graduate,Married,1,Semiurban,Yes,0,24036,45701,0.46,Approved,Low Risk
28,62299,0,45000,60,1,Employed,Graduate,Married,1,Rural,No,0,29030,94169,0.47,Approved,Low Risk
46,37625,0,44000,36,1,Unemployed,Not Graduate,Single,1,Urban,No,1,16529,28175,0.51,Rejected,High Risk
39,48509,64784,114000,180,0,Employed,Graduate,Married,1,Urban,No,2,14237,24687,0.45,Approved,Medium Risk
30,52755,0,,36,1,Unemployed,Graduate,Married,0,Semiurban,No,2,22934,54338,0.58,Approved,Medium Risk
51,94214,0,70000,36,1,Employed,Not Graduate,Single,1,Semiurban,No,0,43121,114792,0.47,Approved,Low Risk
54,19619,0,11000,60,1,,Graduate,Married,3,Semiurban,No,0,8820,0,0.48,Rejected,High Risk
26,34233,18709,,240,1,Unemployed,Graduate,Married,1,Urban,No,2,10508,13590,0.46,Rejected,Medium Risk
29,27830,0,10000,24,1,Employed,Graduate,Single,3,Rural,No,0,13126,34964,0.49,Approved,Low Risk
48,86558,46159,102000,120,1,Employed,Not Graduate,Married,1,Semiurban,No,1,35500,54320,0.49,Approved,Low Risk
32,20582,13090,25000,24,1,Employed,Graduate,Married,0,Rural,No,1,6432,41039,0.39,Approved,Low Risk
26,38828,29780,123000,36,1,Employed,Not Graduate,Married,1,Rural,No,0,17906,75248,0.47,Approved,Low Risk
42,32409,23339,36000,48,1,Employed,Not Graduate,Married,2,Urban,No,1,14924,48296,0.56,Approved,Low Risk
41,61395,0,82000,180,1,Unemployed,Not Graduate,Married,0,Semiurban,No,0,28118,40660,0.46,Approved,Low Risk
27,41506,12064,66000,180,0,Employed,Graduate,Married,1,Urban,No,0,11283,8695,0.29,Rejected,High Risk
43,123029,0,150000,180,1,Unemployed,Not Graduate,Single,1,Semiurban,No,0,61137,0,0.51,Rejected,High Risk
38,31463,0,28000,36,1,Unemployed,Graduate,Married,3,Rural,No,0,11008,28146,0.37,Approved,Low Risk
36,82092,0,84000,120,1,Employed,Not Graduate,Married,4,Semiurban,No,0,26669,130506,0.34,Approved,Low Risk
21,41628,0,57000,60,1,Unemployed,Graduate,Single,3,Semiurban,No,0,19646,54177,0.49,Rejected,Medium Risk
39,48320,25710,49000,360,,Unemployed,Graduate,Married,4,Urban,No,1,18966,45639,0.5,Approved,Low Risk
42,42679,53496,76000,84,1,Unemployed,Not Graduate,Married,2,Semiurban,No,2,14345,36529,0.49,Approved,Low Risk
46,80921,52103,51000,60,1,Employed,Graduate,Married,1,Urban,No,0,25297,90971,0.33,Approved,Low Risk
37,84475,0,75000,24,1,Employed,Not Graduate,Married,1,Urban,No,0,37168,138275,0.44,Approved,Low Risk
32,40265,0,14000,180,1,Employed,Not Graduate,Married,4,Urban,No,0,22987,49411,0.57,Approved,Low Risk
41,32697,0,23000,84,1,Employed,Graduate,Married,0,Semiurban,No,0,10101,0,0.31,Approved,Medium Risk
36,24154,25863,34000,84,1,Employed,Not Graduate,Married,4,Rural,No,0,9980,34519,0.41,Approved,Low Risk
38,17340,36019,41000,48,1,Employed,Not Graduate,Married,0,Rural,No,1,8635,36217,0.58,Approved,Medium Risk
30,33466,0,11000,48,1,Employed,Not Graduate,Married,2,Rural,No,3,13685,52080,0.67,Rejected,High Risk
55,58806,41516,143000,84,1,Employed,Graduate,Married,2,Semiurban,No,0,27227,104994,0.46,Approved,Low Risk
37,91897,0,40000,120,0,Unemployed,Not Graduate,Single,3,Semiurban,No,1,36843,30978,0.49,Rejected,High Risk
37,52932,0,24000,60,1,Employed,Graduate,Single,3,Urban,No,2,19905,34015,0.53,Approved,Low Risk
49,134660,0,84000,48,1,Employed,Graduate,Married,,Semiurban,Yes,0,49363,185766,0.37,Approved,Low Risk
46,35919,0,42000,48,1,Employed,Not Graduate,Married,0,Rural,No,0,19516,0,0.58,Rejected,High Risk
49,55610,0,34000,360,1,Employed,Not Graduate,Single,3,Semiurban,No,2,27078,65118,0.64,Approved,Low Risk
51,44114,24603,64000,60,1,Employed,Graduate,Married,4,Semiurban,No,4,17487,31046,0.74,Rejected,High Risk
40,53052,0,16000,360,1,Employed,Not Graduate,Single,3,Urban,No,0,18109,75138,0.34,Approved,Low Risk
33,57141,0,47000,240,1,Unemployed,Graduate,Single,2,Urban,No,2,28585,87874,0.65,Rejected,Medium Risk
28,47847,0,60000,60,0,Employed,Graduate,Married,2,Rural,No,0,19401,0,0.41,Rejected,High Risk
33,33773,91526,41000,36,1,Employed,Graduate,Married,3,Urban,No,1,18936,13399,0.64,Approved,Low Risk
24,57703,17883,43000,84,1,Employed,Graduate,Married,2,Urban,Yes,0,23215,80864,0.44,Approved,Low Risk
33,23456,15210,30000,36,1,Employed,Graduate,Married,4,Rural,Yes,1,8715,74238,0.47,Approved,Low Risk
43,46409,0,25000,12,1,Employed,Not Graduate,Single,1,Rural,No,4,16946,93513,0.68,Rejected,High Risk
43,41933,26378,42000,60,1,Employed,Graduate,Married,4,Semiurban,No,4,22543,90035,0.84,Rejected,Medium Risk
37,52640,35313,106000,60,,Employed,Not Graduate,Married,4,Urban,No,2,16669,18954,0.47,Rejected,High Risk
33,88303,29883,47000,120,0,Employed,Graduate,Married,0,Urban,No,0,40271,29434,0.46,Approved,Low Risk
31,32629,0,18000,120,1,Employed,Not Graduate,Married,2,Rural,No,1,11834,28100,0.49,Approved,Low Risk
39,55745,0,20000,36,1,Employed,Graduate,Single,0,Urban,Yes,2,23478,76704,0.6,Approved,Low Risk
50,191272,25826,399000,180,1,Employed,Not Graduate,Married,1,Urban,Yes,2,85616,191828,0.64,Rejected,Low Risk
51,67526,43382,36000,36,1,Unemployed,Not Graduate,Married,1,Rural,No,0,29986,82179,0.44,Approved,Low Risk
35,79694,0,41000,60,1,Employed,Graduate,Single,4,Semiurban,No,0,37957,62775,0.5,Approved,Low Risk
21,53692,32213,127000,12,1,Employed,Not Graduate,Married,1,Urban,No,0,14057,62768,0.3,Approved,Low Risk
33,82194,0,91000,24,0,Employed,Graduate,Single,4,Urban,No,1,34935,35708,0.56,Rejected,High Risk
54,29904,16462,46000,120,1,Employed,Not Graduate,Married,1,Rural,Yes,0,13295,0,0.44,Rejected,High Risk
